,index,block,rank,F_tr,F_rt,mse,nmse,dataset,subject,session
0,0,1,"(2, 2, 2)",0.011051095090309118,0.03586276608960178,0.979547413899538,0.979547413899538,BNCI2014-004,1,0train
1,1,2,"(2, 2, 2)",0.009270162354435627,0.052130626827457435,0.9717782548045816,0.9717782548045816,BNCI2014-004,1,0train
2,2,3,"(3, 16, 72)",9.130818683005121e-05,0.6151978811992705,3.8284062491322e-30,3.8284062491322e-30,BNCI2014-004,1,0train
3,3,4,"(1, 1, 1)",9.130818683005121e-05,0.6153719410195866,3.8189439622073095e-30,3.8189439622073095e-30,BNCI2014-004,1,0train
4,4,5,"(1, 1, 1)",9.130818683005117e-05,0.6155460005095515,3.804186184542451e-30,3.804186184542451e-30,BNCI2014-004,1,0train
5,5,6,"(1, 1, 1)",9.130818683005117e-05,0.6157200596694178,3.8009508179097046e-30,3.8009508179097046e-30,BNCI2014-004,1,0train
6,6,7,"(1, 1, 1)",9.130818683005121e-05,0.6158941184994373,3.798148932037177e-30,3.798148932037177e-30,BNCI2014-004,1,0train
7,7,8,"(1, 1, 1)",9.130818683005117e-05,0.6160681769998617,3.7948299416632634e-30,3.7948299416632634e-30,BNCI2014-004,1,0train
8,8,9,"(1, 1, 1)",9.130818683005121e-05,0.6162422351709421,3.79251045904588e-30,3.79251045904588e-30,BNCI2014-004,1,0train
9,9,10,"(1, 1, 1)",9.130818683005117e-05,0.6164162930129297,3.789902680504279e-30,3.789902680504279e-30,BNCI2014-004,1,0train
10,0,1,"(3, 4, 4)",0.003457837312914263,0.019638872795454423,0.9725090387420287,0.9725090387420288,BNCI2014-004,1,1train
11,1,2,"(1, 1, 1)",0.004358795837454113,0.045330370511947764,0.9694282709869669,0.969428270986967,BNCI2014-004,1,1train
12,2,3,"(3, 16, 64)",0.00012019603718564095,0.6716143975578621,0.28120495085409286,0.2812049508540929,BNCI2014-004,1,1train
13,3,4,"(1, 1, 1)",0.00012043554658782053,0.6732646931932662,0.2807135568177524,0.28071355681775245,BNCI2014-004,1,1train
14,4,5,"(2, 2, 2)",0.00012065040191765747,0.6767084306477049,0.2790803574025651,0.27908035740256515,BNCI2014-004,1,1train
15,5,6,"(3, 8, 8)",0.00012116026941926736,0.7191819243271803,0.26943595695252065,0.2694359569525207,BNCI2014-004,1,1train
16,6,7,"(3, 4, 4)",0.00012139550088061143,0.7308149681043112,0.2652096762824363,0.26520967628243636,BNCI2014-004,1,1train
17,7,8,"(1, 1, 1)",0.00012153011157184948,0.7322470208406432,0.26436144017773,0.26436144017773006,BNCI2014-004,1,1train
18,8,9,"(1, 1, 1)",0.00012165488326074888,0.7335311929664445,0.26384830096908335,0.2638483009690834,BNCI2014-004,1,1train
19,9,10,"(2, 2, 2)",0.00012176233606041946,0.7360510788153807,0.262346341450767,0.2623463414507671,BNCI2014-004,1,1train
20,0,1,"(1, 1, 1)",0.011198644503452976,0.022117322894319624,0.9896464969065764,0.9896464969065764,BNCI2014-004,1,2train
21,1,2,"(3, 4, 4)",0.0033654291176110946,0.029143369870170483,0.976543531074966,0.976543531074966,BNCI2014-004,1,2train
22,2,3,"(2, 2, 2)",0.0032850394405456625,0.03388686300623071,0.9701382297358142,0.9701382297358142,BNCI2014-004,1,2train
23,3,4,"(2, 2, 2)",0.0032086071300868398,0.04706506802155324,0.963116767227649,0.963116767227649,BNCI2014-004,1,2train
24,4,5,"(3, 16, 64)",8.006177335049721e-05,0.43860717844010993,0.2684578388355967,0.2684578388355967,BNCI2014-004,1,2train
25,5,6,"(2, 2, 2)",8.025151460470444e-05,0.44050476378357917,0.2666981806504279,0.2666981806504279,BNCI2014-004,1,2train
26,6,7,"(2, 2, 2)",8.032873882169717e-05,0.4420747346090635,0.26549916087713965,0.26549916087713965,BNCI2014-004,1,2train
27,7,8,"(3, 4, 4)",8.04391326557849e-05,0.44902525579288033,0.26267027746748245,0.26267027746748245,BNCI2014-004,1,2train
28,8,9,"(1, 1, 1)",8.047365708044725e-05,0.44938784048150937,0.26209768899485403,0.26209768899485403,BNCI2014-004,1,2train
29,9,10,"(3, 8, 8)",8.05389693449695e-05,0.4754502649816132,0.254771059628396,0.254771059628396,BNCI2014-004,1,2train
30,0,1,"(2, 2, 2)",0.006131367419400049,0.02201627792982785,0.9857607012541617,0.9857607012541619,BNCI2014-004,1,3test
31,1,2,"(2, 2, 2)",0.004526314966888051,0.029654614829490757,0.9697577292970377,0.969757729297038,BNCI2014-004,1,3test
32,2,3,"(3, 4, 4)",0.003236072971809814,0.03438638550243741,0.9508209865261754,0.9508209865261756,BNCI2014-004,1,3test
33,3,4,"(3, 8, 8)",0.002343497875368025,0.04808937949927115,0.9175369710029292,0.9175369710029294,BNCI2014-004,1,3test
34,4,5,"(3, 8, 8)",0.0019434155815229487,0.05259127462182974,0.8983963462132577,0.8983963462132579,BNCI2014-004,1,3test
35,5,6,"(2, 2, 2)",0.0019596071285249445,0.07339840049018113,0.8929268668347261,0.8929268668347263,BNCI2014-004,1,3test
36,6,7,"(1, 1, 1)",0.0019760316912998204,0.08098151892565646,0.8917811051611125,0.8917811051611128,BNCI2014-004,1,3test
37,7,8,"(2, 2, 2)",0.001958732556181306,0.0850404399106923,0.8876150391965283,0.8876150391965285,BNCI2014-004,1,3test
38,8,9,"(2, 2, 2)",0.0019550991866167655,0.09866055928969167,0.8848109123761053,0.8848109123761055,BNCI2014-004,1,3test
39,9,10,"(3, 4, 4)",0.0018963664276375658,0.10194357529235912,0.8769626495977902,0.8769626495977905,BNCI2014-004,1,3test
40,0,1,"(1, 1, 1)",0.011791502055424907,0.02328821655946419,0.9940914564920015,0.9940914564920015,BNCI2014-004,1,4test
41,1,2,"(3, 4, 4)",0.0034426066513225198,0.030092211450315532,0.9800407366773866,0.9800407366773866,BNCI2014-004,1,4test
42,2,3,"(1, 1, 1)",0.003603804625258739,0.038031982225788984,0.9785730674952319,0.9785730674952319,BNCI2014-004,1,4test
43,3,4,"(2, 2, 2)",0.0033388142990722017,0.047581725909640736,0.9747016629520929,0.9747016629520929,BNCI2014-004,1,4test
44,4,5,"(3, 16, 16)",0.0009044301696703628,0.1903515136241951,0.829149506948453,0.829149506948453,BNCI2014-004,1,4test
45,5,6,"(3, 16, 72)",3.179718298463124e-05,0.2824243849059441,2.7625773772401334e-30,2.7625773772401334e-30,BNCI2014-004,1,4test
46,6,7,"(1, 1, 1)",3.179718298463125e-05,0.28248907594827466,2.75870566319864e-30,2.75870566319864e-30,BNCI2014-004,1,4test
47,7,8,"(1, 1, 1)",3.1797182984631266e-05,0.28255376684131345,2.756778882763601e-30,2.756778882763601e-30,BNCI2014-004,1,4test
48,8,9,"(1, 1, 1)",3.179718298463125e-05,0.2826184575851496,2.754261792321726e-30,2.754261792321726e-30,BNCI2014-004,1,4test
49,9,10,"(1, 1, 1)",3.1797182984631266e-05,0.2826831481798711,2.752459478175773e-30,2.752459478175773e-30,BNCI2014-004,1,4test
50,0,1,"(1, 1, 1)",0.0101082786348546,0.019879614648547386,0.9943242720517679,0.9943242720517677,BNCI2014-004,2,0train
51,1,2,"(2, 2, 2)",0.006151677345550751,0.040599176294627295,0.9830305773320398,0.9830305773320396,BNCI2014-004,2,0train
52,2,3,"(2, 2, 2)",0.00528693637697498,0.048987054938278034,0.9759688355526748,0.9759688355526746,BNCI2014-004,2,0train
53,3,4,"(3, 4, 4)",0.004234199854308966,0.06573768598780402,0.9633409295221523,0.9633409295221521,BNCI2014-004,2,0train
54,4,5,"(2, 2, 2)",0.004299277199927922,0.08277311168870273,0.9571400824698642,0.9571400824698639,BNCI2014-004,2,0train
55,5,6,"(2, 2, 2)",0.004355636528333821,0.08362373035141708,0.9545035406231666,0.9545035406231663,BNCI2014-004,2,0train
56,6,7,"(3, 4, 4)",0.0038892500764781436,0.09048682859670444,0.9407386997532637,0.9407386997532635,BNCI2014-004,2,0train
57,7,8,"(3, 4, 4)",0.003560437102614121,0.09609641508822096,0.9310790222497606,0.9310790222497604,BNCI2014-004,2,0train
58,8,9,"(3, 4, 4)",0.00343642033483292,0.11536189083558362,0.9195679398607971,0.9195679398607969,BNCI2014-004,2,0train
59,9,10,"(3, 4, 4)",0.003188288065119376,0.13012258174522945,0.9112285918499333,0.9112285918499331,BNCI2014-004,2,0train
60,0,1,"(3, 8, 8)",0.0014852402556893298,0.011948747049550705,0.9457087328091276,0.9457087328091274,BNCI2014-004,2,1train
61,1,2,"(1, 1, 1)",0.0018975372697485073,0.03964726782963215,0.9409243434171062,0.940924343417106,BNCI2014-004,2,1train
62,2,3,"(3, 4, 4)",0.0019278890616054962,0.04993591544842036,0.9265616723232608,0.9265616723232606,BNCI2014-004,2,1train
63,3,4,"(3, 8, 8)",0.001612564428503876,0.0685022017844943,0.894516483770571,0.8945164837705708,BNCI2014-004,2,1train
64,4,5,"(3, 4, 4)",0.0017133040579352362,0.07374860872984136,0.8852594206875659,0.8852594206875657,BNCI2014-004,2,1train
65,5,6,"(1, 1, 1)",0.0018063517148690822,0.1109517964813207,0.8841415979189509,0.8841415979189506,BNCI2014-004,2,1train
66,6,7,"(2, 2, 2)",0.0018635091772074906,0.14096819050817622,0.880764199402505,0.8807641994025048,BNCI2014-004,2,1train
67,7,8,"(2, 2, 2)",0.0019173501304949353,0.17537224113605335,0.8765146132552009,0.8765146132552006,BNCI2014-004,2,1train
68,8,9,"(3, 16, 32)",0.0008467236867791021,0.9083821619593818,0.6971958025533127,0.6971958025533126,BNCI2014-004,2,1train
69,9,10,"(1, 1, 1)",0.0008520900545120032,0.9465332340783393,0.6962640506778638,0.6962640506778637,BNCI2014-004,2,1train
70,0,1,"(1, 1, 1)",0.006517003422172543,0.012871081758790771,0.9976108920340226,0.9976108920340226,BNCI2014-004,2,2train
71,1,2,"(3, 4, 4)",0.0026218930225830974,0.02652240681530132,0.9774925038259564,0.9774925038259564,BNCI2014-004,2,2train
72,2,3,"(3, 4, 4)",0.0026007312559538976,0.03367650726544859,0.9638227785241045,0.9638227785241045,BNCI2014-004,2,2train
73,3,4,"(1, 1, 1)",0.002929834257058407,0.03618435569534153,0.9609927951421189,0.9609927951421189,BNCI2014-004,2,2train
74,4,5,"(3, 8, 8)",0.0020564588896367173,0.0505238079602977,0.9378958848954891,0.9378958848954891,BNCI2014-004,2,2train
75,5,6,"(3, 8, 8)",0.001694078924790498,0.05507239738566312,0.9118693839401157,0.9118693839401157,BNCI2014-004,2,2train
76,6,7,"(3, 8, 8)",0.0014374001092194923,0.06883540260113406,0.8899917084219718,0.8899917084219718,BNCI2014-004,2,2train
77,7,8,"(1, 1, 1)",0.0014784490437282577,0.07574814934805844,0.8888220561671966,0.8888220561671966,BNCI2014-004,2,2train
78,8,9,"(3, 8, 8)",0.00130083168743117,0.09079733593123479,0.8733912616638666,0.8733912616638666,BNCI2014-004,2,2train
79,9,10,"(3, 4, 4)",0.0012992011089506014,0.09455010566590054,0.8664528665992213,0.8664528665992213,BNCI2014-004,2,2train
80,0,1,"(3, 4, 4)",0.003044068116944203,0.012409598246544003,0.9751022916848736,0.9751022916848734,BNCI2014-004,2,3test
81,1,2,"(2, 2, 2)",0.0035014497862334674,0.03798776981608659,0.9694844961085448,0.9694844961085446,BNCI2014-004,2,3test
82,2,3,"(3, 16, 72)",7.467015576628296e-05,0.5103683311904396,3.670993510615179e-30,3.6709935106151784e-30,BNCI2014-004,2,3test
83,3,4,"(2, 2, 2)",7.467015576628298e-05,0.5115139859914347,3.641390870922984e-30,3.6413908709229835e-30,BNCI2014-004,2,3test
84,4,5,"(1, 1, 1)",7.467015576628296e-05,0.511657191797343,3.635829793341197e-30,3.635829793341196e-30,BNCI2014-004,2,3test
85,5,6,"(1, 1, 1)",7.467015576628296e-05,0.5118003973717863,3.629817435949862e-30,3.6298174359498614e-30,BNCI2014-004,2,3test
86,6,7,"(2, 2, 2)",7.467015576628298e-05,0.5129460336554275,3.615516400145804e-30,3.6155164001458035e-30,BNCI2014-004,2,3test
87,7,8,"(1, 1, 1)",7.467015576628296e-05,0.5130892371544948,3.6106097295138126e-30,3.610609729513812e-30,BNCI2014-004,2,3test
88,8,9,"(1, 1, 1)",7.467015576628298e-05,0.5132324404238314,3.607981143151682e-30,3.6079811431516815e-30,BNCI2014-004,2,3test
89,9,10,"(1, 1, 1)",7.467015576628298e-05,0.5133756434636088,3.602883671718445e-30,3.6028836717184446e-30,BNCI2014-004,2,3test
90,0,1,"(3, 16, 16)",0.00030732473767426834,0.026811396399836932,0.88823401893256,0.8882340189325598,BNCI2014-004,2,4test
91,1,2,"(2, 2, 2)",0.0003256201922825712,0.039194609163622024,0.8845193467989297,0.8845193467989295,BNCI2014-004,2,4test
92,2,3,"(1, 1, 1)",0.00033978308654315515,0.04782835246232787,0.8837292321239483,0.883729232123948,BNCI2014-004,2,4test
93,3,4,"(3, 4, 4)",0.00036436799114934645,0.06313772080051006,0.8726395274081379,0.8726395274081377,BNCI2014-004,2,4test
94,4,5,"(3, 4, 4)",0.0003962795693650531,0.07971559462193259,0.8599739890012754,0.8599739890012752,BNCI2014-004,2,4test
95,5,6,"(2, 2, 2)",0.00041103399204531226,0.09028654403289645,0.8566726575132055,0.8566726575132053,BNCI2014-004,2,4test
96,6,7,"(3, 4, 4)",0.00042733808693089535,0.10209976183001974,0.848057464461969,0.8480574644619687,BNCI2014-004,2,4test
97,7,8,"(2, 2, 2)",0.00043917513449932724,0.10313745388232974,0.8453921034392481,0.8453921034392479,BNCI2014-004,2,4test
98,8,9,"(2, 2, 2)",0.00044882945728484674,0.1050276503535993,0.8435461530185174,0.8435461530185172,BNCI2014-004,2,4test
99,9,10,"(1, 1, 1)",0.0004585198345023153,0.1061197889149394,0.8425975633009254,0.8425975633009252,BNCI2014-004,2,4test
100,0,1,"(1, 1, 1)",0.009665469086920163,0.01900875587094299,0.9906384893166829,0.990638489316683,BNCI2014-004,3,0train
101,1,2,"(2, 2, 2)",0.005600474099972621,0.024818800058780805,0.9744772648029335,0.9744772648029336,BNCI2014-004,3,0train
102,2,3,"(3, 16, 64)",0.00011826465118431223,0.4144388324340855,0.3249987722106634,0.3249987722106635,BNCI2014-004,3,0train
103,3,4,"(1, 1, 1)",0.00011952707234152456,0.4177811158814179,0.3231401507600355,0.32314015076003555,BNCI2014-004,3,0train
104,4,5,"(3, 16, 32)",0.00012078705066388,0.606580754839403,0.2272644892115412,0.22726448921154122,BNCI2014-004,3,0train
105,5,6,"(3, 16, 32)",0.0001216774960398429,0.7966830509609846,0.1686396638494193,0.16863966384941934,BNCI2014-004,3,0train
106,6,7,"(3, 8, 8)",0.00012202071158789842,0.821506876262477,0.16135630727271233,0.16135630727271236,BNCI2014-004,3,0train
107,7,8,"(3, 8, 8)",0.0001223431559428135,0.8462663571785641,0.15582190291313727,0.1558219029131373,BNCI2014-004,3,0train
108,8,9,"(2, 2, 2)",0.00012267214096917554,0.8497736498815579,0.1545222686822269,0.15452226868222693,BNCI2014-004,3,0train
109,9,10,"(3, 8, 8)",0.00012292029420264545,0.8746246002310799,0.14874143848096857,0.1487414384809686,BNCI2014-004,3,0train
110,0,1,"(3, 16, 32)",0.0002504978151734912,0.1453419310041453,0.6442053859987295,0.6442053859987295,BNCI2014-004,3,1train
111,1,2,"(3, 16, 32)",0.00025450157616508203,0.27207576265233724,0.5354042603717066,0.5354042603717066,BNCI2014-004,3,1train
112,2,3,"(3, 16, 64)",9.881426307996219e-05,0.48262117783771,0.12650042504365588,0.12650042504365588,BNCI2014-004,3,1train
113,3,4,"(3, 16, 16)",9.947301017339181e-05,0.5390539395657982,0.10372836092269573,0.10372836092269573,BNCI2014-004,3,1train
114,4,5,"(3, 4, 4)",9.983256319161554e-05,0.5439179986787335,0.10164149777171531,0.10164149777171531,BNCI2014-004,3,1train
115,5,6,"(1, 1, 1)",0.00010005609413086182,0.5458083213866051,0.10143529153849316,0.10143529153849316,BNCI2014-004,3,1train
116,6,7,"(3, 16, 72)",8.435182302992937e-05,0.7717136308731629,1.3003408147890615e-30,1.3003408147890615e-30,BNCI2014-004,3,1train
117,7,8,"(1, 1, 1)",8.43518230299294e-05,0.7717824266508669,1.2943574819746605e-30,1.2943574819746605e-30,BNCI2014-004,3,1train
118,8,9,"(1, 1, 1)",8.435182302992943e-05,0.7718512223353146,1.2916206698489221e-30,1.2916206698489221e-30,BNCI2014-004,3,1train
119,9,10,"(3, 16, 16)",8.435182302992937e-05,0.8246603118620837,1.1011501206122043e-30,1.1011501206122043e-30,BNCI2014-004,3,1train
120,0,1,"(3, 16, 72)",4.3425719076476096e-05,0.2778541654490738,3.520936603793118e-30,3.520936603793118e-30,BNCI2014-004,3,2train
121,1,2,"(2, 2, 2)",4.3425719076476096e-05,0.27847467915028745,3.49635552264365e-30,3.49635552264365e-30,BNCI2014-004,3,2train
122,2,3,"(1, 1, 1)",4.3425719076476096e-05,0.27855224220862856,3.4892785896536866e-30,3.4892785896536866e-30,BNCI2014-004,3,2train
123,3,4,"(1, 1, 1)",4.342571907647612e-05,0.2786298050110857,3.4864544442376075e-30,3.4864544442376075e-30,BNCI2014-004,3,2train
124,4,5,"(3, 8, 8)",4.3425719076476096e-05,0.29351733770260485,3.4172170634728305e-30,3.4172170634728305e-30,BNCI2014-004,3,2train
125,5,6,"(1, 1, 1)",4.3425719076476096e-05,0.29359485443710454,3.413277492266077e-30,3.413277492266077e-30,BNCI2014-004,3,2train
126,6,7,"(1, 1, 1)",4.342571907647608e-05,0.29367237094905413,3.409922174146897e-30,3.409922174146897e-30,BNCI2014-004,3,2train
127,7,8,"(1, 1, 1)",4.342571907647608e-05,0.29374988723861,3.408193614392661e-30,3.408193614392661e-30,BNCI2014-004,3,2train
128,8,9,"(1, 1, 1)",4.3425719076476096e-05,0.29382740330592777,3.4056465805964205e-30,3.4056465805964205e-30,BNCI2014-004,3,2train
129,9,10,"(1, 1, 1)",4.342571907647611e-05,0.2939049191511637,3.403718973390116e-30,3.403718973390116e-30,BNCI2014-004,3,2train
130,0,1,"(2, 2, 2)",0.003259061393855124,0.010389324816644606,0.9875164771004831,0.9875164771004831,BNCI2014-004,3,3test
131,1,2,"(1, 1, 1)",0.004124368988559449,0.013517233191178328,0.9848746829311467,0.9848746829311467,BNCI2014-004,3,3test
132,2,3,"(2, 2, 2)",0.0036028127351842645,0.023345666765174335,0.9770284124305546,0.9770284124305546,BNCI2014-004,3,3test
133,3,4,"(2, 2, 2)",0.003161007260040845,0.030690715166244106,0.9715894829681081,0.9715894829681081,BNCI2014-004,3,3test
134,4,5,"(3, 4, 4)",0.00240408215402091,0.03218210029510295,0.9395594541946976,0.9395594541946976,BNCI2014-004,3,3test
135,5,6,"(2, 2, 2)",0.002599375059995288,0.03627500588121944,0.9336553861743514,0.9336553861743514,BNCI2014-004,3,3test
136,6,7,"(2, 2, 2)",0.0027773963022143223,0.03640519519047035,0.9300132089163442,0.9300132089163442,BNCI2014-004,3,3test
137,7,8,"(3, 4, 4)",0.002570697743833508,0.04407965185905362,0.9199488446007278,0.9199488446007278,BNCI2014-004,3,3test
138,8,9,"(2, 2, 2)",0.0024907444622487684,0.051218000675670804,0.9154149155863316,0.9154149155863316,BNCI2014-004,3,3test
139,9,10,"(1, 1, 1)",0.002509081090053002,0.051523172741409815,0.9145482610257692,0.9145482610257692,BNCI2014-004,3,3test
140,0,1,"(3, 16, 72)",5.937145894453913e-05,0.24840469609379812,8.060820362576292e-30,8.060820362576292e-30,BNCI2014-004,3,4test
141,1,2,"(3, 8, 8)",5.937145894453913e-05,0.26138407508157435,7.84504861500306e-30,7.84504861500306e-30,BNCI2014-004,3,4test
142,2,3,"(1, 1, 1)",5.937145894453913e-05,0.26145164956939093,7.834948041103225e-30,7.834948041103225e-30,BNCI2014-004,3,4test
143,3,4,"(3, 16, 32)",5.937145894453908e-05,0.3650182264623258,5.9158455986758936e-30,5.9158455986758936e-30,BNCI2014-004,3,4test
144,4,5,"(1, 1, 1)",5.9371458944539115e-05,0.3650855432191983,5.910962812958966e-30,5.910962812958966e-30,BNCI2014-004,3,4test
145,5,6,"(1, 1, 1)",5.937145894453908e-05,0.3651528598710101,5.9063470763610006e-30,5.9063470763610006e-30,BNCI2014-004,3,4test
146,6,7,"(1, 1, 1)",5.937145894453913e-05,0.3652201764178172,5.902419473649719e-30,5.902419473649719e-30,BNCI2014-004,3,4test
147,7,8,"(1, 1, 1)",5.9371458944539115e-05,0.3652874928596727,5.895127986661022e-30,5.895127986661022e-30,BNCI2014-004,3,4test
148,8,9,"(1, 1, 1)",5.937145894453913e-05,0.36535480919662927,5.8911105931850715e-30,5.8911105931850715e-30,BNCI2014-004,3,4test
149,9,10,"(3, 16, 64)",5.937145894453915e-05,0.571825255055485,1.4213727652035407e-30,1.4213727652035407e-30,BNCI2014-004,3,4test
150,0,1,"(1, 1, 1)",0.03859123534250426,0.07589609617359172,0.9868448067363137,0.9868448067363137,BNCI2014-004,4,0train
151,1,2,"(3, 4, 4)",0.012393983300382251,0.09526418956292955,0.9428368875360309,0.9428368875360309,BNCI2014-004,4,0train
152,2,3,"(3, 4, 4)",0.007819354312924697,0.1011454211417418,0.9211310054770047,0.9211310054770047,BNCI2014-004,4,0train
153,3,4,"(3, 4, 4)",0.006484765153494688,0.11214978940400279,0.9023941148866315,0.9023941148866315,BNCI2014-004,4,0train
154,4,5,"(1, 1, 1)",0.006610112109707816,0.12247951292651255,0.9009943694606329,0.9009943694606329,BNCI2014-004,4,0train
155,5,6,"(2, 2, 2)",0.006417647667276007,0.12342622021030725,0.8967059494057961,0.8967059494057961,BNCI2014-004,4,0train
156,6,7,"(3, 4, 4)",0.0060042189242409325,0.15415755619441063,0.8821726448605782,0.8821726448605782,BNCI2014-004,4,0train
157,7,8,"(2, 2, 2)",0.005906985823136479,0.1570488035489331,0.8776700823958038,0.8776700823958038,BNCI2014-004,4,0train
158,8,9,"(2, 2, 2)",0.0057673419033557535,0.16563792204933636,0.873075578959549,0.873075578959549,BNCI2014-004,4,0train
159,9,10,"(2, 2, 2)",0.0056424921824250835,0.16786861798181568,0.8697027320597103,0.8697027320597103,BNCI2014-004,4,0train
160,0,1,"(1, 1, 1)",0.03694082608326374,0.07282619999271994,0.9804771857605772,0.980477185760577,BNCI2014-004,4,1train
161,1,2,"(2, 2, 2)",0.02186085677935477,0.07889864863974941,0.9709741360753565,0.9709741360753563,BNCI2014-004,4,1train
162,2,3,"(2, 2, 2)",0.016264918070842578,0.07945476584539678,0.9642439338744179,0.9642439338744176,BNCI2014-004,4,1train
163,3,4,"(2, 2, 2)",0.013439647751991315,0.07969506469748446,0.9609207705893377,0.9609207705893374,BNCI2014-004,4,1train
164,4,5,"(2, 2, 2)",0.010809352457490644,0.08174749773991308,0.9472407199298549,0.9472407199298547,BNCI2014-004,4,1train
165,5,6,"(3, 4, 4)",0.006974541691885182,0.09102419622970562,0.9189562951409047,0.9189562951409045,BNCI2014-004,4,1train
166,6,7,"(3, 4, 4)",0.0055502388983592705,0.09508279310637274,0.9003825701338926,0.9003825701338923,BNCI2014-004,4,1train
167,7,8,"(3, 4, 4)",0.0049177158536281755,0.09956245121871327,0.8840407294702542,0.884040729470254,BNCI2014-004,4,1train
168,8,9,"(2, 2, 2)",0.004834505636710898,0.10599977992711986,0.879086433212401,0.8790864332124008,BNCI2014-004,4,1train
169,9,10,"(3, 4, 4)",0.0045616753556793465,0.11979686004896017,0.8612357430719579,0.8612357430719577,BNCI2014-004,4,1train
170,0,1,"(1, 1, 1)",0.052363870110836125,0.10341864346890134,0.9560232092432972,0.956023209243297,BNCI2014-004,4,2train
171,1,2,"(1, 1, 1)",0.04591032280425649,0.11087782471020927,0.9552541452133112,0.955254145213311,BNCI2014-004,4,2train
172,2,3,"(2, 2, 2)",0.02678140172171038,0.13870600004722478,0.9493121670165094,0.9493121670165092,BNCI2014-004,4,2train
173,3,4,"(1, 1, 1)",0.021897638181950806,0.15442023330679613,0.9478944549042394,0.9478944549042392,BNCI2014-004,4,2train
174,4,5,"(2, 2, 2)",0.015675161173195243,0.15699956012028857,0.9426146186546758,0.9426146186546756,BNCI2014-004,4,2train
175,5,6,"(2, 2, 2)",0.01364054259314034,0.1638284134246271,0.9359723125730862,0.935972312573086,BNCI2014-004,4,2train
176,6,7,"(2, 2, 2)",0.012875355046406807,0.16689787512288357,0.9299910559606694,0.9299910559606692,BNCI2014-004,4,2train
177,7,8,"(2, 2, 2)",0.01221590604535986,0.16816816532241063,0.9265371893477418,0.9265371893477415,BNCI2014-004,4,2train
178,8,9,"(2, 2, 2)",0.011619444043931185,0.1690014904944135,0.923936740911147,0.9239367409111467,BNCI2014-004,4,2train
179,9,10,"(2, 2, 2)",0.010889716893526368,0.17493734851998904,0.9207120277758014,0.9207120277758012,BNCI2014-004,4,2train
180,0,1,"(1, 1, 1)",0.04901526118919877,0.09680514084866758,0.957367461194671,0.957367461194671,BNCI2014-004,4,3test
181,1,2,"(2, 2, 2)",0.03345651992825434,0.10692888264680159,0.951932536323236,0.951932536323236,BNCI2014-004,4,3test
182,2,3,"(1, 1, 1)",0.030858697639549904,0.11453395435416389,0.9506511082651963,0.9506511082651963,BNCI2014-004,4,3test
183,3,4,"(2, 2, 2)",0.0248554058695815,0.1169649557644733,0.9447741105302039,0.9447741105302039,BNCI2014-004,4,3test
184,4,5,"(2, 2, 2)",0.020945719305425423,0.11806295937542487,0.9412912678424594,0.9412912678424594,BNCI2014-004,4,3test
185,5,6,"(1, 1, 1)",0.020621572802084067,0.1274259907104595,0.9399558563973637,0.9399558563973637,BNCI2014-004,4,3test
186,6,7,"(2, 2, 2)",0.0180840914574596,0.13884231857860513,0.9360705626446627,0.9360705626446627,BNCI2014-004,4,3test
187,7,8,"(2, 2, 2)",0.017025631504286872,0.14303895876529446,0.9318347522371633,0.9318347522371633,BNCI2014-004,4,3test
188,8,9,"(1, 1, 1)",0.016424126120390497,0.146813146973107,0.9306764351301546,0.9306764351301546,BNCI2014-004,4,3test
189,9,10,"(2, 2, 2)",0.015348027175007169,0.15283952226227804,0.9268464073116065,0.9268464073116065,BNCI2014-004,4,3test
190,0,1,"(2, 2, 2)",0.014069919991736317,0.03998769204958688,0.9650373954326655,0.9650373954326655,BNCI2014-004,4,4test
191,1,2,"(1, 1, 1)",0.01359014861898048,0.05223911454510603,0.9638813127002158,0.9638813127002158,BNCI2014-004,4,4test
192,2,3,"(1, 1, 1)",0.013041979240275475,0.05422556011430417,0.9623701856447084,0.9623701856447084,BNCI2014-004,4,4test
193,3,4,"(1, 1, 1)",0.012069176438459997,0.062363505610360186,0.9604076087176292,0.9604076087176292,BNCI2014-004,4,4test
194,4,5,"(1, 1, 1)",0.01172267882492683,0.06443684712522282,0.9594369930301337,0.9594369930301337,BNCI2014-004,4,4test
195,5,6,"(1, 1, 1)",0.011538249016285584,0.07935690400810463,0.9585700961418316,0.9585700961418316,BNCI2014-004,4,4test
196,6,7,"(1, 1, 1)",0.011408499504335399,0.0812776109130253,0.9573299451703121,0.9573299451703121,BNCI2014-004,4,4test
197,7,8,"(1, 1, 1)",0.011279369149907823,0.08313851921939222,0.9557552094075794,0.9557552094075794,BNCI2014-004,4,4test
198,8,9,"(2, 2, 2)",0.010604756625652372,0.09148792156754085,0.94781603115949,0.94781603115949,BNCI2014-004,4,4test
199,9,10,"(3, 16, 72)",6.445635319821032e-05,0.508716041813271,5.209443960206279e-30,5.209443960206279e-30,BNCI2014-004,4,4test
200,0,1,"(2, 2, 2)",0.01026069250138897,0.03536805183055308,0.9900360432937535,0.9900360432937535,BNCI2014-004,5,0train
201,1,2,"(3, 8, 8)",0.0028730358253161105,0.06323110730456377,0.9315395927582348,0.9315395927582348,BNCI2014-004,5,0train
202,2,3,"(3, 16, 72)",9.325990272754798e-05,0.6001839867048685,1.3351293338904767e-29,1.3351293338904767e-29,BNCI2014-004,5,0train
203,3,4,"(1, 1, 1)",9.325990272754801e-05,0.6003428847284181,1.3316345281876645e-29,1.3316345281876645e-29,BNCI2014-004,5,0train
204,4,5,"(1, 1, 1)",9.325990272754801e-05,0.6005017823559999,1.329176671349133e-29,1.329176671349133e-29,BNCI2014-004,5,0train
205,5,6,"(1, 1, 1)",9.325990272754801e-05,0.6006606795878983,1.3273232002535254e-29,1.3273232002535254e-29,BNCI2014-004,5,0train
206,6,7,"(1, 1, 1)",9.325990272754801e-05,0.6008195764244011,1.3258134575946674e-29,1.3258134575946674e-29,BNCI2014-004,5,0train
207,7,8,"(1, 1, 1)",9.325990272754801e-05,0.6009784728657916,1.324541788328593e-29,1.324541788328593e-29,BNCI2014-004,5,0train
208,8,9,"(1, 1, 1)",9.325990272754805e-05,0.6011373689123554,1.3238394593593962e-29,1.3238394593593962e-29,BNCI2014-004,5,0train
209,9,10,"(1, 1, 1)",9.325990272754798e-05,0.6012962645643777,1.3221639006890712e-29,1.3221639006890712e-29,BNCI2014-004,5,0train
210,0,1,"(2, 2, 2)",0.013226329737031974,0.04334190962201183,0.9903640923744225,0.9903640923744222,BNCI2014-004,5,1train
211,1,2,"(2, 2, 2)",0.011082115528405139,0.043808299802702344,0.9751756308264009,0.9751756308264007,BNCI2014-004,5,1train
212,2,3,"(2, 2, 2)",0.009906776317418802,0.04431008800499102,0.9661621436289841,0.9661621436289839,BNCI2014-004,5,1train
213,3,4,"(3, 4, 4)",0.006602642080062477,0.05919823771982373,0.9428214068173549,0.9428214068173547,BNCI2014-004,5,1train
214,4,5,"(1, 1, 1)",0.006828803491633959,0.06416736009529232,0.941558861128853,0.9415588611288528,BNCI2014-004,5,1train
215,5,6,"(3, 4, 4)",0.005687688262176606,0.06868543934417157,0.922286899439164,0.9222868994391638,BNCI2014-004,5,1train
216,6,7,"(3, 4, 4)",0.005073008485238071,0.07718463142965892,0.9070964963731043,0.9070964963731041,BNCI2014-004,5,1train
217,7,8,"(3, 4, 4)",0.004661704574865341,0.07988520466764001,0.8958947804662613,0.895894780466261,BNCI2014-004,5,1train
218,8,9,"(3, 16, 64)",0.00014087597358305396,0.755961834893704,0.2762563449168448,0.27625634491684475,BNCI2014-004,5,1train
219,9,10,"(1, 1, 1)",0.0001409787513413407,0.7569169878017417,0.2755758752363894,0.2755758752363893,BNCI2014-004,5,1train
220,0,1,"(2, 2, 2)",0.01567800823680005,0.0496830047485565,0.9855175996351357,0.9855175996351357,BNCI2014-004,5,2train
221,1,2,"(1, 1, 1)",0.014896208507498516,0.057818137196723365,0.9826403436348922,0.9826403436348922,BNCI2014-004,5,2train
222,2,3,"(3, 8, 8)",0.003738595204839607,0.0721870399011916,0.9327133114213033,0.9327133114213033,BNCI2014-004,5,2train
223,3,4,"(2, 2, 2)",0.0037165539519782376,0.0822319258468851,0.9294427441890732,0.9294427441890732,BNCI2014-004,5,2train
224,4,5,"(3, 4, 4)",0.003529130139671545,0.10160850858916749,0.9139330569329199,0.9139330569329199,BNCI2014-004,5,2train
225,5,6,"(3, 8, 8)",0.003164517369165624,0.12515433434195264,0.8915016601093161,0.8915016601093161,BNCI2014-004,5,2train
226,6,7,"(3, 8, 8)",0.002865674920026782,0.14376712276509035,0.8689171927337472,0.8689171927337472,BNCI2014-004,5,2train
227,7,8,"(2, 2, 2)",0.002869199492595603,0.14380870865240994,0.8637678888307961,0.8637678888307961,BNCI2014-004,5,2train
228,8,9,"(3, 4, 4)",0.00278955468412592,0.1506558853976345,0.8570165546089779,0.8570165546089779,BNCI2014-004,5,2train
229,9,10,"(1, 1, 1)",0.00282015909705598,0.16317292183145707,0.8562784269395656,0.8562784269395656,BNCI2014-004,5,2train
230,0,1,"(2, 2, 2)",0.012144989351795171,0.04483497556905758,0.989115322392893,0.9891153223928928,BNCI2014-004,5,3test
231,1,2,"(3, 4, 4)",0.006862233129894592,0.055382590118760636,0.9692101003378536,0.9692101003378534,BNCI2014-004,5,3test
232,2,3,"(3, 4, 4)",0.004850064729073665,0.06521255769990805,0.9545235945830465,0.9545235945830463,BNCI2014-004,5,3test
233,3,4,"(1, 1, 1)",0.004875796250011545,0.06913845880144456,0.953289607453006,0.9532896074530057,BNCI2014-004,5,3test
234,4,5,"(3, 8, 8)",0.003226495467795984,0.08113438249104798,0.9220634539788558,0.9220634539788556,BNCI2014-004,5,3test
235,5,6,"(3, 8, 8)",0.002478174212896608,0.09311817150934058,0.8919889383635664,0.8919889383635662,BNCI2014-004,5,3test
236,6,7,"(3, 4, 4)",0.0023405532499706345,0.10427263930821742,0.8810803165554789,0.8810803165554787,BNCI2014-004,5,3test
237,7,8,"(1, 1, 1)",0.0023886278049970056,0.127889511115245,0.8799846854984125,0.8799846854984122,BNCI2014-004,5,3test
238,8,9,"(3, 4, 4)",0.0023213765716831847,0.14367688394778483,0.8694901642380379,0.8694901642380377,BNCI2014-004,5,3test
239,9,10,"(3, 4, 4)",0.0022501174155129065,0.14542294117720955,0.8613117890234575,0.8613117890234573,BNCI2014-004,5,3test
240,0,1,"(1, 1, 1)",0.04910236311995546,0.09697716716191203,0.9902740485640505,0.9902740485640508,BNCI2014-004,5,4test
241,1,2,"(1, 1, 1)",0.032935881341619934,0.11610210045151767,0.9878107444110292,0.9878107444110295,BNCI2014-004,5,4test
242,2,3,"(3, 8, 8)",0.005273371061271446,0.14832063763737074,0.9393352025299302,0.9393352025299304,BNCI2014-004,5,4test
243,3,4,"(3, 8, 8)",0.003307666777518266,0.21865415330635013,0.9107036896615144,0.9107036896615146,BNCI2014-004,5,4test
244,4,5,"(3, 4, 4)",0.0030277396580998444,0.22706539311851404,0.9006049612805774,0.9006049612805777,BNCI2014-004,5,4test
245,5,6,"(2, 2, 2)",0.0028926164623751882,0.22708799029724414,0.895455372940464,0.8954553729404642,BNCI2014-004,5,4test
246,6,7,"(2, 2, 2)",0.0028690538865765143,0.23493520795201664,0.8917959552671033,0.8917959552671035,BNCI2014-004,5,4test
247,7,8,"(2, 2, 2)",0.002837096527732699,0.24958090071814631,0.8862161938271554,0.8862161938271557,BNCI2014-004,5,4test
248,8,9,"(2, 2, 2)",0.002807840368561801,0.24913450387085523,0.8840749135799523,0.8840749135799525,BNCI2014-004,5,4test
249,9,10,"(2, 2, 2)",0.0027790906998003745,0.24981158222478086,0.8803874491213489,0.8803874491213491,BNCI2014-004,5,4test
250,0,1,"(1, 1, 1)",0.019850074421632707,0.03903847969587766,0.9929414307670648,0.9929414307670649,BNCI2014-004,6,0train
251,1,2,"(2, 2, 2)",0.009909331344890611,0.04693739945021256,0.9845565069195279,0.984556506919528,BNCI2014-004,6,0train
252,2,3,"(1, 1, 1)",0.009871673894127816,0.06685756510696791,0.978303375947082,0.9783033759470822,BNCI2014-004,6,0train
253,3,4,"(1, 1, 1)",0.009728654528242212,0.08383982577069667,0.9764605849934522,0.9764605849934523,BNCI2014-004,6,0train
254,4,5,"(1, 1, 1)",0.009724104347199275,0.08468910450299853,0.9732018741088793,0.9732018741088794,BNCI2014-004,6,0train
255,5,6,"(2, 2, 2)",0.007354260662894249,0.09388517186005803,0.9623722671610736,0.9623722671610737,BNCI2014-004,6,0train
256,6,7,"(1, 1, 1)",0.007551541742064549,0.10353210052306602,0.9611318377837645,0.9611318377837647,BNCI2014-004,6,0train
257,7,8,"(2, 2, 2)",0.006942455331968071,0.11182601535568769,0.9511668380685093,0.9511668380685094,BNCI2014-004,6,0train
258,8,9,"(2, 2, 2)",0.006390409760630591,0.11839629970742743,0.922724662828287,0.9227246628282871,BNCI2014-004,6,0train
259,9,10,"(2, 2, 2)",0.006183873461861492,0.13020149269422227,0.909900146538757,0.9099001465387571,BNCI2014-004,6,0train
260,0,1,"(1, 1, 1)",0.02236936411571038,0.04399308276089709,0.9918860525951445,0.9918860525951446,BNCI2014-004,6,1train
261,1,2,"(2, 2, 2)",0.010666567134503889,0.0521321081712855,0.9785877683416052,0.9785877683416053,BNCI2014-004,6,1train
262,2,3,"(1, 1, 1)",0.0109149513852849,0.08068443451820968,0.9766813325331076,0.9766813325331077,BNCI2014-004,6,1train
263,3,4,"(3, 8, 8)",0.005056023011132822,0.12099111534886209,0.9296422466808917,0.9296422466808918,BNCI2014-004,6,1train
264,4,5,"(3, 4, 4)",0.004694045309254175,0.14815354470909403,0.9149607428811198,0.91496074288112,BNCI2014-004,6,1train
265,5,6,"(3, 4, 4)",0.004493939446925507,0.1611349851217922,0.9018941731523334,0.9018941731523336,BNCI2014-004,6,1train
266,6,7,"(3, 16, 32)",0.0009663873610782024,1.3459748130730216,0.6862451647528188,0.6862451647528189,BNCI2014-004,6,1train
267,7,8,"(1, 1, 1)",0.0009774453352073657,1.3884937201714875,0.6857444537024816,0.6857444537024817,BNCI2014-004,6,1train
268,8,9,"(3, 4, 4)",0.0010178765143004304,1.4635027695755842,0.6768397152046088,0.676839715204609,BNCI2014-004,6,1train
269,9,10,"(2, 2, 2)",0.001044747503743962,1.4713691472365669,0.6734328391469061,0.6734328391469062,BNCI2014-004,6,1train
270,0,1,"(1, 1, 1)",0.01162191730036443,0.02295328666821975,0.9939716619570266,0.9939716619570264,BNCI2014-004,6,2train
271,1,2,"(3, 8, 8)",0.0019518497856684436,0.032218810266229234,0.9449037148554587,0.9449037148554584,BNCI2014-004,6,2train
272,2,3,"(2, 2, 2)",0.001988351929952948,0.0366788764380106,0.9388777172590944,0.9388777172590942,BNCI2014-004,6,2train
273,3,4,"(1, 1, 1)",0.002050172429751508,0.04112608347391504,0.9370001682899233,0.937000168289923,BNCI2014-004,6,2train
274,4,5,"(1, 1, 1)",0.002088173498347346,0.04266509837795464,0.9362132516990763,0.9362132516990761,BNCI2014-004,6,2train
275,5,6,"(3, 4, 4)",0.002007264840993466,0.0496008050106788,0.9229714622843608,0.9229714622843606,BNCI2014-004,6,2train
276,6,7,"(1, 1, 1)",0.0020443318945150904,0.05771204170488438,0.9218331637455691,0.9218331637455689,BNCI2014-004,6,2train
277,7,8,"(2, 2, 2)",0.002053765315667316,0.06263546758809047,0.9168723100722277,0.9168723100722275,BNCI2014-004,6,2train
278,8,9,"(1, 1, 1)",0.0021149262158071344,0.06881381653096125,0.9153559349927212,0.9153559349927209,BNCI2014-004,6,2train
279,9,10,"(1, 1, 1)",0.002174202587068457,0.07467180005748096,0.9137872099048154,0.9137872099048152,BNCI2014-004,6,2train
280,0,1,"(2, 2, 2)",0.013021471474617527,0.04386684260993227,0.9899562608767042,0.9899562608767042,BNCI2014-004,6,3test
281,1,2,"(2, 2, 2)",0.01100278606963458,0.0489032729116126,0.9844800287982389,0.9844800287982389,BNCI2014-004,6,3test
282,2,3,"(1, 1, 1)",0.010607411290423136,0.055282885157737285,0.9823052768539406,0.9823052768539406,BNCI2014-004,6,3test
283,3,4,"(3, 4, 4)",0.007356366299604027,0.07367100108743543,0.9697874852176437,0.9697874852176437,BNCI2014-004,6,3test
284,4,5,"(3, 4, 4)",0.005871813271377026,0.07574841964335645,0.9586028792554047,0.9586028792554047,BNCI2014-004,6,3test
285,5,6,"(3, 4, 4)",0.005040673785284788,0.07708673838183848,0.9498906562469429,0.9498906562469429,BNCI2014-004,6,3test
286,6,7,"(3, 4, 4)",0.004529077266717537,0.07833131462776019,0.9402091761779914,0.9402091761779914,BNCI2014-004,6,3test
287,7,8,"(2, 2, 2)",0.004438852948919811,0.07912877149165093,0.9369707583300145,0.9369707583300145,BNCI2014-004,6,3test
288,8,9,"(2, 2, 2)",0.004362789208507002,0.0797471091244209,0.9345295803169898,0.9345295803169898,BNCI2014-004,6,3test
289,9,10,"(2, 2, 2)",0.004289497438720285,0.08064984855736669,0.9299380868250504,0.9299380868250504,BNCI2014-004,6,3test
290,0,1,"(2, 2, 2)",0.011543379613345605,0.03747412059146431,0.9847746915623881,0.9847746915623881,BNCI2014-004,6,4test
291,1,2,"(1, 1, 1)",0.011222202249928502,0.03795596166547949,0.9830808289842616,0.9830808289842616,BNCI2014-004,6,4test
292,2,3,"(3, 8, 8)",0.0048199830193224776,0.05651299722407085,0.9426593144171718,0.9426593144171718,BNCI2014-004,6,4test
293,3,4,"(3, 8, 8)",0.0032010349446737266,0.07565201407755712,0.9188870785260185,0.9188870785260185,BNCI2014-004,6,4test
294,4,5,"(1, 1, 1)",0.003227120727994519,0.08356061538136969,0.9172083854809315,0.9172083854809315,BNCI2014-004,6,4test
295,5,6,"(3, 8, 8)",0.0025609223769726694,0.10276543892080552,0.893895007509515,0.893895007509515,BNCI2014-004,6,4test
296,6,7,"(1, 1, 1)",0.0025991879965215564,0.13316988630887036,0.8928822982176999,0.8928822982176999,BNCI2014-004,6,4test
297,7,8,"(3, 4, 4)",0.002500620531883751,0.13378082135550226,0.8848448922391964,0.8848448922391964,BNCI2014-004,6,4test
298,8,9,"(2, 2, 2)",0.002511107487692686,0.13518084879152134,0.8809635227978827,0.8809635227978827,BNCI2014-004,6,4test
299,9,10,"(2, 2, 2)",0.0025043971217852392,0.1403440773501088,0.8783257448926891,0.8783257448926891,BNCI2014-004,6,4test
300,0,1,"(1, 1, 1)",0.013759627453262403,0.027060600658082717,0.995724917294973,0.995724917294973,BNCI2014-004,7,0train
301,1,2,"(3, 16, 64)",0.00011343337964852262,0.5134064156974291,0.35549756668909527,0.35549756668909527,BNCI2014-004,7,0train
302,2,3,"(3, 4, 4)",0.00011440357632026569,0.5252193087274449,0.34481769542431145,0.34481769542431145,BNCI2014-004,7,0train
303,3,4,"(1, 1, 1)",0.00011481122029632156,0.5274557964749753,0.3440157657694117,0.3440157657694117,BNCI2014-004,7,0train
304,4,5,"(2, 2, 2)",0.0001152713262922435,0.5309064244786385,0.34024908882610555,0.34024908882610555,BNCI2014-004,7,0train
305,5,6,"(2, 2, 2)",0.00011572966098229238,0.5342649091084519,0.3376783153764074,0.3376783153764074,BNCI2014-004,7,0train
306,6,7,"(3, 4, 4)",0.00011611546147481838,0.5437446352333575,0.33005764638999224,0.33005764638999224,BNCI2014-004,7,0train
307,7,8,"(2, 2, 2)",0.00011635519335262843,0.5460844064582057,0.3280852209885664,0.3280852209885664,BNCI2014-004,7,0train
308,8,9,"(2, 2, 2)",0.00011668992459859988,0.5487765795894642,0.3256261919322937,0.3256261919322937,BNCI2014-004,7,0train
309,9,10,"(3, 4, 4)",0.00011693015061879877,0.5576786209980683,0.3192440893273989,0.3192440893273989,BNCI2014-004,7,0train
310,0,1,"(3, 16, 72)",9.615249274099263e-05,0.4725389365714386,3.576898863870545e-30,3.576898863870546e-30,BNCI2014-004,7,1train
311,1,2,"(1, 1, 1)",9.615249274099266e-05,0.4726680237973391,3.5511086813777715e-30,3.551108681377772e-30,BNCI2014-004,7,1train
312,2,3,"(2, 2, 2)",9.615249274099266e-05,0.4737007046995768,3.5384810759782804e-30,3.538481075978281e-30,BNCI2014-004,7,1train
313,3,4,"(2, 2, 2)",9.615249274099263e-05,0.47473335567611796,3.52418963124829e-30,3.5241896312482904e-30,BNCI2014-004,7,1train
314,4,5,"(3, 16, 64)",9.615249274099269e-05,0.8700227405792476,9.271408469345355e-31,9.271408469345356e-31,BNCI2014-004,7,1train
315,5,6,"(1, 1, 1)",9.615249274099263e-05,0.8701511858643048,9.245413760584905e-31,9.245413760584907e-31,BNCI2014-004,7,1train
316,6,7,"(2, 2, 2)",9.615249274099263e-05,0.8711787450906492,9.199260129654555e-31,9.199260129654556e-31,BNCI2014-004,7,1train
317,7,8,"(1, 1, 1)",9.615249274099263e-05,0.8713071896127117,9.184477914375196e-31,9.184477914375198e-31,BNCI2014-004,7,1train
318,8,9,"(1, 1, 1)",9.615249274099266e-05,0.871435634050174,9.17166198149873e-31,9.171661981498732e-31,BNCI2014-004,7,1train
319,9,10,"(3, 16, 64)",9.615249274099266e-05,1.265737738308376,4.558253235168414e-31,4.558253235168415e-31,BNCI2014-004,7,1train
320,0,1,"(2, 2, 2)",0.011727144232246339,0.036047674414487904,0.9821245259862792,0.982124525986279,BNCI2014-004,7,2train
321,1,2,"(2, 2, 2)",0.009919385322724737,0.04482237481612925,0.9736740672503252,0.973674067250325,BNCI2014-004,7,2train
322,2,3,"(3, 4, 4)",0.006944096531036549,0.04812400010656052,0.9567806138788373,0.9567806138788371,BNCI2014-004,7,2train
323,3,4,"(3, 4, 4)",0.005904887178054119,0.05639474061522856,0.9456881063320135,0.9456881063320133,BNCI2014-004,7,2train
324,4,5,"(2, 2, 2)",0.00570405113045497,0.05816134433804141,0.9394386763737662,0.939438676373766,BNCI2014-004,7,2train
325,5,6,"(3, 4, 4)",0.005016105246777474,0.06853481056857041,0.9297492338022654,0.9297492338022652,BNCI2014-004,7,2train
326,6,7,"(3, 4, 4)",0.004597780505396462,0.0813533185242917,0.9202641131064175,0.9202641131064173,BNCI2014-004,7,2train
327,7,8,"(3, 4, 4)",0.004190874166971435,0.09846507979212055,0.9093426801402547,0.9093426801402544,BNCI2014-004,7,2train
328,8,9,"(1, 1, 1)",0.004185936425148597,0.10654899462893638,0.9079994746250518,0.9079994746250516,BNCI2014-004,7,2train
329,9,10,"(3, 16, 64)",0.00011970433492657496,0.6319480760263922,0.2528684992594914,0.25286849925949134,BNCI2014-004,7,2train
330,0,1,"(2, 2, 2)",0.004043685001898258,0.012143812252220944,0.9883865058492183,0.9883865058492187,BNCI2014-004,7,3test
331,1,2,"(3, 16, 16)",0.0004300751186642716,0.0409757417301016,0.8412444759147375,0.8412444759147378,BNCI2014-004,7,3test
332,2,3,"(3, 16, 16)",0.00032888689582883827,0.09880048148521225,0.7128105390112288,0.7128105390112291,BNCI2014-004,7,3test
333,3,4,"(1, 1, 1)",0.0003403628311208203,0.10891637359095849,0.7117752380371217,0.7117752380371221,BNCI2014-004,7,3test
334,4,5,"(3, 4, 4)",0.0003498845352071029,0.11559957135035998,0.7004826055570175,0.7004826055570178,BNCI2014-004,7,3test
335,5,6,"(3, 4, 4)",0.0003593629123761637,0.11717825326424464,0.6929662899977647,0.692966289997765,BNCI2014-004,7,3test
336,6,7,"(1, 1, 1)",0.0003709833836618722,0.12267529931899299,0.6916302498906948,0.6916302498906951,BNCI2014-004,7,3test
337,7,8,"(1, 1, 1)",0.0003793409508587617,0.1366690772673878,0.6910623912340015,0.6910623912340018,BNCI2014-004,7,3test
338,8,9,"(3, 4, 4)",0.00038764256020499107,0.1387628941809038,0.6852034534321854,0.6852034534321857,BNCI2014-004,7,3test
339,9,10,"(3, 4, 4)",0.0003938643135208867,0.17533001780990298,0.6774212000383156,0.677421200038316,BNCI2014-004,7,3test
340,0,1,"(3, 4, 4)",0.0024688588833810606,0.018576583208225774,0.9647401560438726,0.9647401560438726,BNCI2014-004,7,4test
341,1,2,"(2, 2, 2)",0.0024442137950418455,0.02929736848599789,0.9529321809677922,0.9529321809677922,BNCI2014-004,7,4test
342,2,3,"(3, 4, 4)",0.0023670155897999065,0.03743543944023745,0.9379717971567609,0.9379717971567609,BNCI2014-004,7,4test
343,3,4,"(3, 8, 8)",0.001917333047779561,0.04604997648168871,0.9127677000320955,0.9127677000320955,BNCI2014-004,7,4test
344,4,5,"(3, 8, 8)",0.0015616932510551876,0.05919354863089983,0.8843743126189669,0.8843743126189669,BNCI2014-004,7,4test
345,5,6,"(2, 2, 2)",0.0015872625635983473,0.07110358356377161,0.8818477173755278,0.8818477173755278,BNCI2014-004,7,4test
346,6,7,"(3, 16, 72)",6.405594518139188e-05,0.40171531133402416,3.581517685822199e-30,3.581517685822199e-30,BNCI2014-004,7,4test
347,7,8,"(3, 16, 72)",6.405594518139188e-05,0.7216229224662469,1.6691192319278928e-32,1.6691192319278928e-32,BNCI2014-004,7,4test
348,8,9,"(3, 16, 72)",6.405594518139188e-05,1.0386070354032813,1.6691192319278928e-32,1.6691192319278928e-32,BNCI2014-004,7,4test
349,9,10,"(3, 8, 8)",6.405594518139188e-05,1.0561796239076988,1.6691192319278928e-32,1.6691192319278928e-32,BNCI2014-004,7,4test
350,0,1,"(3, 8, 8)",0.001138308259309793,0.00793182961368034,0.9244524987970919,0.9244524987970917,BNCI2014-004,8,0train
351,1,2,"(3, 4, 4)",0.0011534728150747735,0.015372716358058564,0.9088615504684473,0.9088615504684471,BNCI2014-004,8,0train
352,2,3,"(3, 4, 4)",0.001165487357527494,0.01747159428917783,0.8965900484274393,0.8965900484274391,BNCI2014-004,8,0train
353,3,4,"(2, 2, 2)",0.0012088928552017977,0.023206751749422123,0.8920258239274359,0.8920258239274357,BNCI2014-004,8,0train
354,4,5,"(3, 4, 4)",0.0012369771360390492,0.0284829547648647,0.8794908907128424,0.8794908907128421,BNCI2014-004,8,0train
355,5,6,"(3, 8, 8)",0.0011796063992513613,0.03441130461904642,0.8585490316938099,0.8585490316938097,BNCI2014-004,8,0train
356,6,7,"(1, 1, 1)",0.001239998873795531,0.04007015300545708,0.8570541183480475,0.8570541183480472,BNCI2014-004,8,0train
357,7,8,"(3, 8, 8)",0.0011582586396484944,0.05020023597396717,0.8393086126124608,0.8393086126124606,BNCI2014-004,8,0train
358,8,9,"(3, 4, 4)",0.0011510094077160182,0.053178973869467176,0.8299912948684941,0.8299912948684939,BNCI2014-004,8,0train
359,9,10,"(1, 1, 1)",0.0011688166863599717,0.06474866620810568,0.8291359832813939,0.8291359832813937,BNCI2014-004,8,0train
360,0,1,"(1, 1, 1)",0.01665695736840496,0.032758682824529754,0.9930642018071829,0.993064201807183,BNCI2014-004,8,1train
361,1,2,"(3, 16, 64)",0.0001530256015592107,0.6542836743801691,0.3266553676193631,0.32665536761936315,BNCI2014-004,8,1train
362,2,3,"(3, 4, 4)",0.0001556233232563368,0.6710504403294865,0.3197196548872042,0.3197196548872043,BNCI2014-004,8,1train
363,3,4,"(2, 2, 2)",0.00015683704262863074,0.6788215488760527,0.31556082517103795,0.315560825171038,BNCI2014-004,8,1train
364,4,5,"(1, 1, 1)",0.0001572557646573676,0.6810713062875495,0.3146779092785874,0.31467790927858746,BNCI2014-004,8,1train
365,5,6,"(1, 1, 1)",0.00015745394521016526,0.6831812002623494,0.3140208458945645,0.3140208458945646,BNCI2014-004,8,1train
366,6,7,"(3, 4, 4)",0.0001578504173838885,0.6948148069266351,0.3091089191779761,0.30910891917797617,BNCI2014-004,8,1train
367,7,8,"(3, 16, 64)",0.00015257712225713154,1.3338280321789864,0.11396393994579204,0.11396393994579206,BNCI2014-004,8,1train
368,8,9,"(1, 1, 1)",0.00015266020620839817,1.3352977158921635,0.11361816374382286,0.11361816374382287,BNCI2014-004,8,1train
369,9,10,"(3, 4, 4)",0.000152896104304165,1.3489530964520071,0.1113230804837816,0.11132308048378162,BNCI2014-004,8,1train
370,0,1,"(2, 2, 2)",0.013680189027716111,0.03475339635437626,0.9580312934500393,0.9580312934500393,BNCI2014-004,8,2train
371,1,2,"(3, 8, 8)",0.004234156655320245,0.04593450082770168,0.9152563068483965,0.9152563068483965,BNCI2014-004,8,2train
372,2,3,"(2, 2, 2)",0.004287753079801816,0.049178189091941084,0.9076335921187095,0.9076335921187095,BNCI2014-004,8,2train
373,3,4,"(3, 16, 72)",8.702092261701194e-05,0.6459683941286403,3.872326705075228e-30,3.872326705075228e-30,BNCI2014-004,8,2train
374,4,5,"(1, 1, 1)",8.70209226170119e-05,0.6461399020923615,3.867010607463917e-30,3.867010607463917e-30,BNCI2014-004,8,2train
375,5,6,"(1, 1, 1)",8.70209226170119e-05,0.6463114096164397,3.862454537800782e-30,3.862454537800782e-30,BNCI2014-004,8,2train
376,6,7,"(1, 1, 1)",8.70209226170119e-05,0.646482916701186,3.8581254396793295e-30,3.8581254396793295e-30,BNCI2014-004,8,2train
377,7,8,"(1, 1, 1)",8.70209226170119e-05,0.6466544233469116,3.855839906111779e-30,3.855839906111779e-30,BNCI2014-004,8,2train
378,8,9,"(1, 1, 1)",8.70209226170119e-05,0.646825929553929,3.852708798933836e-30,3.852708798933836e-30,BNCI2014-004,8,2train
379,9,10,"(1, 1, 1)",8.70209226170119e-05,0.646997435322547,3.8500072492554035e-30,3.8500072492554035e-30,BNCI2014-004,8,2train
380,0,1,"(2, 2, 2)",0.011582163535066399,0.03237290895374313,0.9578696421954692,0.9578696421954692,BNCI2014-004,8,3test
381,1,2,"(2, 2, 2)",0.008157133783441373,0.03750085476263662,0.9478559863069648,0.9478559863069648,BNCI2014-004,8,3test
382,2,3,"(1, 1, 1)",0.008072455998915118,0.044160620501262245,0.9441599811378363,0.9441599811378363,BNCI2014-004,8,3test
383,3,4,"(2, 2, 2)",0.007261581229163599,0.05235064099940634,0.9396179604995281,0.9396179604995281,BNCI2014-004,8,3test
384,4,5,"(2, 2, 2)",0.006892991076562571,0.05879691791096701,0.9320334543909238,0.9320334543909238,BNCI2014-004,8,3test
385,5,6,"(1, 1, 1)",0.006850606257963745,0.06114870417906571,0.9307194079910471,0.9307194079910471,BNCI2014-004,8,3test
386,6,7,"(2, 2, 2)",0.006488947771810872,0.06914619852887041,0.9236936164703176,0.9236936164703176,BNCI2014-004,8,3test
387,7,8,"(3, 4, 4)",0.0057962058568015555,0.07494304938394036,0.9091211866307208,0.9091211866307208,BNCI2014-004,8,3test
388,8,9,"(3, 8, 8)",0.0035604414486411096,0.09698252478644935,0.8788504249464582,0.8788504249464582,BNCI2014-004,8,3test
389,9,10,"(1, 1, 1)",0.0035831742259083243,0.10310641492611022,0.8771631881249332,0.8771631881249332,BNCI2014-004,8,3test
390,0,1,"(2, 2, 2)",0.0211996470066264,0.05919885827192144,0.9449353232266982,0.9449353232266982,BNCI2014-004,8,4test
391,1,2,"(2, 2, 2)",0.017857372249821618,0.06534717014926142,0.9357489512371356,0.9357489512371356,BNCI2014-004,8,4test
392,2,3,"(1, 1, 1)",0.01775696902353645,0.0794480720853057,0.9329960585486408,0.9329960585486408,BNCI2014-004,8,4test
393,3,4,"(3, 4, 4)",0.011401940624871,0.09135666024698078,0.9114434357119631,0.9114434357119631,BNCI2014-004,8,4test
394,4,5,"(2, 2, 2)",0.010762931979352594,0.09697045251351562,0.9065132870705983,0.9065132870705983,BNCI2014-004,8,4test
395,5,6,"(3, 4, 4)",0.00977589464468354,0.10897705125299584,0.8937491485536068,0.8937491485536068,BNCI2014-004,8,4test
396,6,7,"(3, 4, 4)",0.009003956779649033,0.11357537019633072,0.8800927764024081,0.8800927764024081,BNCI2014-004,8,4test
397,7,8,"(3, 4, 4)",0.008163082592418654,0.1254835381237946,0.8702371737832645,0.8702371737832645,BNCI2014-004,8,4test
398,8,9,"(3, 4, 4)",0.007613349659854708,0.12968461356541888,0.8627666034139571,0.8627666034139571,BNCI2014-004,8,4test
399,9,10,"(3, 4, 4)",0.007176397910775181,0.13230195307485565,0.8539178510739931,0.8539178510739931,BNCI2014-004,8,4test
400,0,1,"(1, 1, 1)",0.014131536265469195,0.027792021322089418,0.9925136238928748,0.9925136238928749,BNCI2014-004,9,0train
401,1,2,"(2, 2, 2)",0.008160518629037898,0.03164822680500382,0.9768480784257936,0.9768480784257937,BNCI2014-004,9,0train
402,2,3,"(3, 4, 4)",0.004827321218980181,0.03444064529891362,0.9355437710552528,0.9355437710552529,BNCI2014-004,9,0train
403,3,4,"(3, 4, 4)",0.004086170025224508,0.03569050406718597,0.909603966223379,0.9096039662233791,BNCI2014-004,9,0train
404,4,5,"(2, 2, 2)",0.004144355135503883,0.04080098031338144,0.9013601657111645,0.9013601657111646,BNCI2014-004,9,0train
405,5,6,"(2, 2, 2)",0.004197315770164059,0.041017575433130476,0.8969460143191574,0.8969460143191575,BNCI2014-004,9,0train
406,6,7,"(3, 16, 16)",0.0012274099335719123,0.18440830227334884,0.7176528065827679,0.717652806582768,BNCI2014-004,9,0train
407,7,8,"(3, 8, 8)",0.0012304190013607077,0.20712503300964558,0.6915648166015311,0.6915648166015312,BNCI2014-004,9,0train
408,8,9,"(2, 2, 2)",0.001261878386707596,0.21165870531172892,0.6873458600396799,0.68734586003968,BNCI2014-004,9,0train
409,9,10,"(3, 4, 4)",0.0012667304306954526,0.21708459617103468,0.6791558036054068,0.679155803605407,BNCI2014-004,9,0train
410,0,1,"(2, 2, 2)",0.004482732422385946,0.017645500974371328,0.9794435947711111,0.9794435947711112,BNCI2014-004,9,1train
411,1,2,"(2, 2, 2)",0.004461179985873785,0.019718052798500012,0.973749500355672,0.9737495003556721,BNCI2014-004,9,1train
412,2,3,"(2, 2, 2)",0.004103007834601168,0.0301327464278498,0.9612587871945486,0.9612587871945487,BNCI2014-004,9,1train
413,3,4,"(1, 1, 1)",0.004486348980192904,0.035501861829731134,0.9584296237512908,0.9584296237512909,BNCI2014-004,9,1train
414,4,5,"(2, 2, 2)",0.004314780067772441,0.043007063948154144,0.9381136793416349,0.938113679341635,BNCI2014-004,9,1train
415,5,6,"(2, 2, 2)",0.0040073751683587224,0.04795735301300075,0.9265997502446361,0.9265997502446363,BNCI2014-004,9,1train
416,6,7,"(2, 2, 2)",0.003919744054134799,0.04869240932802536,0.9184593592128022,0.9184593592128023,BNCI2014-004,9,1train
417,7,8,"(1, 1, 1)",0.004123665803824453,0.04890533453098287,0.9175459954180464,0.9175459954180465,BNCI2014-004,9,1train
418,8,9,"(2, 2, 2)",0.0040660958183718395,0.05040314285862264,0.9112770670787298,0.9112770670787299,BNCI2014-004,9,1train
419,9,10,"(3, 4, 4)",0.0035681931461326575,0.056057828122194966,0.8854590184911167,0.8854590184911169,BNCI2014-004,9,1train
420,0,1,"(2, 2, 2)",0.0086311398560181,0.021939108579937514,0.9755083094256366,0.9755083094256366,BNCI2014-004,9,2train
421,1,2,"(3, 4, 4)",0.005583120974385574,0.029131660254389288,0.9534646119435393,0.9534646119435393,BNCI2014-004,9,2train
422,2,3,"(1, 1, 1)",0.005453936329473485,0.03592047575605207,0.9514392027793593,0.9514392027793593,BNCI2014-004,9,2train
423,3,4,"(3, 4, 4)",0.004537400315410205,0.03920630115495481,0.9355872036993188,0.9355872036993188,BNCI2014-004,9,2train
424,4,5,"(3, 4, 4)",0.0036989649205129062,0.04665540392480631,0.9101081033315052,0.9101081033315052,BNCI2014-004,9,2train
425,5,6,"(1, 1, 1)",0.0037320373625416045,0.05053325614040307,0.9077838484142419,0.9077838484142419,BNCI2014-004,9,2train
426,6,7,"(2, 2, 2)",0.0036228075457864295,0.06173999285512872,0.9031845533142353,0.9031845533142353,BNCI2014-004,9,2train
427,7,8,"(1, 1, 1)",0.003634463318419585,0.06449764940097871,0.9017865868871064,0.9017865868871064,BNCI2014-004,9,2train
428,8,9,"(1, 1, 1)",0.00366039065300885,0.08534329072500003,0.9012979195108461,0.9012979195108461,BNCI2014-004,9,2train
429,9,10,"(3, 8, 8)",0.0028939185393863525,0.1154772093089686,0.8793029095080708,0.8793029095080708,BNCI2014-004,9,2train
430,0,1,"(3, 4, 4)",0.0034506794651458206,0.024017465187805332,0.9439413695240515,0.9439413695240515,BNCI2014-004,9,3test
431,1,2,"(3, 4, 4)",0.003501020511990534,0.031913972402131105,0.9236526534591334,0.9236526534591334,BNCI2014-004,9,3test
432,2,3,"(2, 2, 2)",0.0037081080946666195,0.032701360736701414,0.9168350711226274,0.9168350711226274,BNCI2014-004,9,3test
433,3,4,"(3, 4, 4)",0.0036320717035454517,0.03401936858816831,0.9071336833696823,0.9071336833696823,BNCI2014-004,9,3test
434,4,5,"(3, 16, 16)",0.0010325054173480298,0.16491460115049766,0.7210164898544889,0.7210164898544889,BNCI2014-004,9,3test
435,5,6,"(3, 4, 4)",0.0010332198777867866,0.17810620951283546,0.707989518061004,0.707989518061004,BNCI2014-004,9,3test
436,6,7,"(2, 2, 2)",0.0010386390466261511,0.1818861533846226,0.7044273434649863,0.7044273434649863,BNCI2014-004,9,3test
437,7,8,"(2, 2, 2)",0.0010436037680421025,0.2035795784529858,0.7003514298013451,0.7003514298013451,BNCI2014-004,9,3test
438,8,9,"(3, 4, 4)",0.0010415026740137957,0.21371632676358063,0.6929566057324712,0.6929566057324712,BNCI2014-004,9,3test
439,9,10,"(3, 4, 4)",0.001034688356172546,0.2224668617521675,0.6835652745388856,0.6835652745388856,BNCI2014-004,9,3test
440,0,1,"(2, 2, 2)",0.007880072937630414,0.02101995127087564,0.9783969319219493,0.9783969319219493,BNCI2014-004,9,4test
441,1,2,"(3, 4, 4)",0.004550569805363512,0.030385822110203055,0.9596327399154785,0.9596327399154785,BNCI2014-004,9,4test
442,2,3,"(3, 16, 72)",5.329926858225361e-05,0.3639023128885469,6.020851729595176e-30,6.020851729595176e-30,BNCI2014-004,9,4test
443,3,4,"(1, 1, 1)",5.329926858225361e-05,0.36400190425266604,5.9947596510320804e-30,5.9947596510320804e-30,BNCI2014-004,9,4test
444,4,5,"(1, 1, 1)",5.329926858225362e-05,0.3641014951897417,5.9851937851635954e-30,5.9851937851635954e-30,BNCI2014-004,9,4test
445,5,6,"(1, 1, 1)",5.329926858225362e-05,0.36420108570008397,5.9781144035634545e-30,5.9781144035634545e-30,BNCI2014-004,9,4test
446,6,7,"(3, 8, 8)",5.329926858225361e-05,0.3833149108257065,5.8514693199801436e-30,5.8514693199801436e-30,BNCI2014-004,9,4test
447,7,8,"(2, 2, 2)",5.329926858225364e-05,0.3841110091701463,5.8219122302318276e-30,5.8219122302318276e-30,BNCI2014-004,9,4test
448,8,9,"(1, 1, 1)",5.329926858225362e-05,0.3842105197944859,5.8165350186838975e-30,5.8165350186838975e-30,BNCI2014-004,9,4test
449,9,10,"(1, 1, 1)",5.329926858225362e-05,0.3843100300488513,5.812352321157398e-30,5.812352321157398e-30,BNCI2014-004,9,4test
