,block,rank,train_score,val_score,train_scores,val_scores,mse,F_tr,F_rt,dataset,subject,session
0,1,8,0.8836054846938776,0.8352857142857143,"[[0.81342857 0.82647959 0.83741837 0.85678571]
 [0.84288776 0.83278571 0.8557551  0.85284694]
 [0.78486735 0.78354082 0.79985714 0.8107449 ]
 [0.79073469 0.78589796 0.82690816 0.82997959]
 [0.80347959 0.82117347 0.80170408 0.82607143]]","[[0.81342857 0.82647959 0.83741837 0.85678571]
 [0.84288776 0.83278571 0.8557551  0.85284694]
 [0.78486735 0.78354082 0.79985714 0.8107449 ]
 [0.79073469 0.78589796 0.82690816 0.82997959]
 [0.80347959 0.82117347 0.80170408 0.82607143]]",9.433176622524314e-11,0.007157472467847125,0.0003056399891496432,BNCI2014-008,1,0
1,2,2,0.8885598214285715,0.8398857142857142,"[[0.86265306 0.86464286 0.85671429 0.85562245]
 [0.85560204 0.85434694 0.85267347 0.85116327]
 [0.81519388 0.81512245 0.81330612 0.81306122]
 [0.83367347 0.83408163 0.83312245 0.82752041]
 [0.83132653 0.83123469 0.83544898 0.83338776]]","[[0.86265306 0.86464286 0.85671429 0.85562245]
 [0.85560204 0.85434694 0.85267347 0.85116327]
 [0.81519388 0.81512245 0.81330612 0.81306122]
 [0.83367347 0.83408163 0.83312245 0.82752041]
 [0.83132653 0.83123469 0.83544898 0.83338776]]",9.420355933873475e-11,0.0072280457809089475,0.0003094315066141762,BNCI2014-008,1,0
2,3,2,0.8905844387755103,0.840926530612245,"[[0.86355102 0.86396939 0.85552041 0.85834694]
 [0.85565306 0.85282653 0.85428571 0.85095918]
 [0.81472449 0.81518367 0.81185714 0.81311224]
 [0.83528571 0.83352041 0.83269388 0.83256122]
 [0.83330612 0.83913265 0.83873469 0.83540816]]","[[0.86355102 0.86396939 0.85552041 0.85834694]
 [0.85565306 0.85282653 0.85428571 0.85095918]
 [0.81472449 0.81518367 0.81185714 0.81311224]
 [0.83528571 0.83352041 0.83269388 0.83256122]
 [0.83330612 0.83913265 0.83873469 0.83540816]]",9.38631805644306e-11,0.0072732692382704075,0.0003119356835907256,BNCI2014-008,1,0
3,4,1,0.8912836734693877,0.8408816326530613,"[[0.86547959 0.86193878 0.86058163 0.85676531]
 [0.85244898 0.85379592 0.85445918 0.85005102]
 [0.81508163 0.81467347 0.81334694 0.81478571]
 [0.83165306 0.83108163 0.83339796 0.83106122]
 [0.8397449  0.8409898  0.83758163 0.83694898]]","[[0.86547959 0.86193878 0.86058163 0.85676531]
 [0.85244898 0.85379592 0.85445918 0.85005102]
 [0.81508163 0.81467347 0.81334694 0.81478571]
 [0.83165306 0.83108163 0.83339796 0.83106122]
 [0.8397449  0.8409898  0.83758163 0.83694898]]",9.379235277483856e-11,0.007310275254447823,0.00031448209828029307,BNCI2014-008,1,0
4,5,2,0.8927795918367348,0.8405224489795916,"[[0.86363265 0.86270408 0.85643878 0.85538776]
 [0.85226531 0.85467347 0.85458163 0.85095918]
 [0.81518367 0.81478571 0.81395918 0.81669388]
 [0.83180612 0.83176531 0.83103061 0.82906122]
 [0.8395102  0.83868367 0.83822449 0.83718367]]","[[0.86363265 0.86270408 0.85643878 0.85538776]
 [0.85226531 0.85467347 0.85458163 0.85095918]
 [0.81518367 0.81478571 0.81395918 0.81669388]
 [0.83180612 0.83176531 0.83103061 0.82906122]
 [0.8395102  0.83868367 0.83822449 0.83718367]]",9.354993082863842e-11,0.007353403230547435,0.0003191136851366046,BNCI2014-008,1,0
5,6,1,0.8929068877551021,0.8404061224489796,"[[0.86232653 0.86073469 0.85839796 0.85590816]
 [0.85537755 0.85417347 0.85314286 0.85137755]
 [0.81490816 0.81315306 0.81117347 0.81112245]
 [0.83120408 0.83088776 0.83213265 0.83222449]
 [0.83821429 0.83810204 0.83733673 0.83482653]]","[[0.86232653 0.86073469 0.85839796 0.85590816]
 [0.85537755 0.85417347 0.85314286 0.85137755]
 [0.81490816 0.81315306 0.81117347 0.81112245]
 [0.83120408 0.83088776 0.83213265 0.83222449]
 [0.83821429 0.83810204 0.83733673 0.83482653]]",9.34397870854463e-11,0.0073801273894490505,0.0003198498661163843,BNCI2014-008,1,0
6,7,1,0.8929942602040816,0.8399591836734693,"[[0.86134694 0.85868367 0.8625102  0.85728571]
 [0.85363265 0.85233673 0.85256122 0.8509898 ]
 [0.8149898  0.8165     0.81437755 0.80620408]
 [0.83082653 0.83107143 0.82917347 0.83029592]
 [0.839      0.83810204 0.83733673 0.8355102 ]]","[[0.86134694 0.85868367 0.8625102  0.85728571]
 [0.85363265 0.85233673 0.85256122 0.8509898 ]
 [0.8149898  0.8165     0.81437755 0.80620408]
 [0.83082653 0.83107143 0.82917347 0.83029592]
 [0.839      0.83810204 0.83733673 0.8355102 ]]",9.330322729659093e-11,0.007408895135685859,0.000321524936323059,BNCI2014-008,1,0
7,8,1,0.8930397959183672,0.8399326530612246,"[[0.86129592 0.85889796 0.86017347 0.85466327]
 [0.85390816 0.85304082 0.85188776 0.85066327]
 [0.81497959 0.81466327 0.8120102  0.80771429]
 [0.83052041 0.83052041 0.83011224 0.83058163]
 [0.83895918 0.83832653 0.83930612 0.83552041]]","[[0.86129592 0.85889796 0.86017347 0.85466327]
 [0.85390816 0.85304082 0.85188776 0.85066327]
 [0.81497959 0.81466327 0.8120102  0.80771429]
 [0.83052041 0.83052041 0.83011224 0.83058163]
 [0.83895918 0.83832653 0.83930612 0.83552041]]",9.317913460267994e-11,0.007431972756455876,0.00032198687789608375,BNCI2014-008,1,0
8,9,1,0.8932214285714286,0.8394244897959183,"[[0.861      0.85821429 0.85966327 0.85821429]
 [0.85328571 0.85142857 0.85360204 0.8507449 ]
 [0.81366327 0.81534694 0.81390816 0.80594898]
 [0.83031633 0.83031633 0.83145918 0.82980612]
 [0.83885714 0.83858163 0.8382449  0.83691837]]","[[0.861      0.85821429 0.85966327 0.85821429]
 [0.85328571 0.85142857 0.85360204 0.8507449 ]
 [0.81366327 0.81534694 0.81390816 0.80594898]
 [0.83031633 0.83031633 0.83145918 0.82980612]
 [0.83885714 0.83858163 0.8382449  0.83691837]]",9.300368858562061e-11,0.007464368652971902,0.00032363809724013804,BNCI2014-008,1,0
9,10,1,0.89321875,0.839330612244898,"[[0.86083673 0.85864286 0.86064286 0.85626531]
 [0.85310204 0.8529898  0.85132653 0.84976531]
 [0.81361224 0.81232653 0.81294898 0.8065102 ]
 [0.83023469 0.83022449 0.82997959 0.83038776]
 [0.83886735 0.83822449 0.83888776 0.83635714]]","[[0.86083673 0.85864286 0.86064286 0.85626531]
 [0.85310204 0.8529898  0.85132653 0.84976531]
 [0.81361224 0.81232653 0.81294898 0.8065102 ]
 [0.83023469 0.83022449 0.82997959 0.83038776]
 [0.83886735 0.83822449 0.83888776 0.83635714]]",9.284352617894648e-11,0.007489165467149175,0.0003241071539499642,BNCI2014-008,1,0
10,11,4,0.8955494897959184,0.8392714285714286,"[[0.86047959 0.85760204 0.85923469 0.85710204]
 [0.85288776 0.85138776 0.85359184 0.85018367]
 [0.81361224 0.81369388 0.81446939 0.80619388]
 [0.82991837 0.82985714 0.83009184 0.82896939]
 [0.83863265 0.83840816 0.83896939 0.83688776]]","[[0.86047959 0.85760204 0.85923469 0.85710204]
 [0.85288776 0.85138776 0.85359184 0.85018367]
 [0.81361224 0.81369388 0.81446939 0.80619388]
 [0.82991837 0.82985714 0.83009184 0.82896939]
 [0.83863265 0.83840816 0.83896939 0.83688776]]",8.970850141203483e-11,0.0075421612080741616,0.00032879924337264133,BNCI2014-008,1,0
11,12,1,0.895614668367347,0.8390081632653061,"[[0.85912245 0.85827551 0.85639796 0.85540816]
 [0.85328571 0.85342857 0.85203061 0.85166327]
 [0.81419388 0.81431633 0.8155102  0.81019388]
 [0.82969388 0.82858163 0.83005102 0.82944898]
 [0.8387449  0.83959184 0.83719388 0.83452041]]","[[0.85912245 0.85827551 0.85639796 0.85540816]
 [0.85328571 0.85342857 0.85203061 0.85166327]
 [0.81419388 0.81431633 0.8155102  0.81019388]
 [0.82969388 0.82858163 0.83005102 0.82944898]
 [0.8387449  0.83959184 0.83719388 0.83452041]]",8.96654217995197e-11,0.007562145489061813,0.0003291317577055326,BNCI2014-008,1,0
12,13,2,0.8958646683673468,0.8389142857142857,"[[0.85905102 0.8582449  0.85588776 0.85463265]
 [0.85282653 0.85342857 0.85540816 0.85060204]
 [0.81382653 0.81426531 0.81078571 0.80631633]
 [0.82971429 0.82835714 0.83017347 0.82969388]
 [0.83885714 0.84027551 0.83979592 0.8404898 ]]","[[0.85905102 0.8582449  0.85588776 0.85463265]
 [0.85282653 0.85342857 0.85540816 0.85060204]
 [0.81382653 0.81426531 0.81078571 0.80631633]
 [0.82971429 0.82835714 0.83017347 0.82969388]
 [0.83885714 0.84027551 0.83979592 0.8404898 ]]",8.915312454560384e-11,0.007595484209141304,0.0003305312342468832,BNCI2014-008,1,0
13,14,1,0.8961072704081632,0.8385795918367347,"[[0.85827551 0.85669388 0.85452041 0.85577551]
 [0.85278571 0.85304082 0.85347959 0.8519898 ]
 [0.81406122 0.81430612 0.8105102  0.80881633]
 [0.82809184 0.82788776 0.82742857 0.82773469]
 [0.83968367 0.84003061 0.839      0.8390102 ]]","[[0.85827551 0.85669388 0.85452041 0.85577551]
 [0.85278571 0.85304082 0.85347959 0.8519898 ]
 [0.81406122 0.81430612 0.8105102  0.80881633]
 [0.82809184 0.82788776 0.82742857 0.82773469]
 [0.83968367 0.84003061 0.839      0.8390102 ]]",8.90159628842208e-11,0.007615608354642396,0.0003309239492122611,BNCI2014-008,1,0
14,15,2,0.8963192602040817,0.8387081632653061,"[[0.85814286 0.85806122 0.85667347 0.85464286]
 [0.85256122 0.85264286 0.85462245 0.85217347]
 [0.81428571 0.81404082 0.81278571 0.80747959]
 [0.82823469 0.82816327 0.82840816 0.82722449]
 [0.83980612 0.84063265 0.84058163 0.83870408]]","[[0.85814286 0.85806122 0.85667347 0.85464286]
 [0.85256122 0.85264286 0.85462245 0.85217347]
 [0.81428571 0.81404082 0.81278571 0.80747959]
 [0.82823469 0.82816327 0.82840816 0.82722449]
 [0.83980612 0.84063265 0.84058163 0.83870408]]",8.807602192412112e-11,0.007650491870603499,0.00033264350820061417,BNCI2014-008,1,0
15,16,1,0.8964598214285715,0.8386551020408163,"[[0.85779592 0.85706122 0.85639796 0.85553061]
 [0.8522449  0.85270408 0.85352041 0.85089796]
 [0.81404082 0.81164286 0.81008163 0.80882653]
 [0.82803061 0.82781633 0.82662245 0.82616327]
 [0.84116327 0.84113265 0.84307143 0.84196939]]","[[0.85779592 0.85706122 0.85639796 0.85553061]
 [0.8522449  0.85270408 0.85352041 0.85089796]
 [0.81404082 0.81164286 0.81008163 0.80882653]
 [0.82803061 0.82781633 0.82662245 0.82616327]
 [0.84116327 0.84113265 0.84307143 0.84196939]]",8.79772449442893e-11,0.007679605089270527,0.0003331933854319031,BNCI2014-008,1,0
0,1,8,0.8591340561224488,0.7948591836734693,"[[0.73408163 0.71420408 0.79478571 0.80285714]
 [0.6719898  0.6820102  0.76260204 0.76604082]
 [0.64790816 0.67430612 0.7434898  0.76257143]
 [0.72203061 0.75066327 0.78706122 0.81120408]
 [0.71566327 0.72665306 0.78334694 0.83162245]]","[[0.73408163 0.71420408 0.79478571 0.80285714]
 [0.6719898  0.6820102  0.76260204 0.76604082]
 [0.64790816 0.67430612 0.7434898  0.76257143]
 [0.72203061 0.75066327 0.78706122 0.81120408]
 [0.71566327 0.72665306 0.78334694 0.83162245]]",5.4602094535113877e-11,0.021009725667496017,0.0002793456923716706,BNCI2014-008,2,0
1,2,4,0.868375,0.8071857142857144,"[[0.80771429 0.81047959 0.81032653 0.80378571]
 [0.77270408 0.77810204 0.78258163 0.77789796]
 [0.7720102  0.77768367 0.78014286 0.78405102]
 [0.81281633 0.81264286 0.82568367 0.8217449 ]
 [0.83535714 0.83767347 0.83719388 0.84529592]]","[[0.80771429 0.81047959 0.81032653 0.80378571]
 [0.77270408 0.77810204 0.78258163 0.77789796]
 [0.7720102  0.77768367 0.78014286 0.78405102]
 [0.81281633 0.81264286 0.82568367 0.8217449 ]
 [0.83535714 0.83767347 0.83719388 0.84529592]]",5.4003856200897514e-11,0.021021323397779547,0.00028776979185727105,BNCI2014-008,2,0
2,3,8,0.8769821428571429,0.8127877551020408,"[[0.81061224 0.81147959 0.8105     0.80702041]
 [0.78768367 0.7860102  0.78738776 0.79111224]
 [0.78032653 0.78313265 0.78454082 0.79213265]
 [0.82789796 0.82608163 0.82721429 0.82821429]
 [0.83873469 0.83914286 0.84290816 0.84545918]]","[[0.81061224 0.81147959 0.8105     0.80702041]
 [0.78768367 0.7860102  0.78738776 0.79111224]
 [0.78032653 0.78313265 0.78454082 0.79213265]
 [0.82789796 0.82608163 0.82721429 0.82821429]
 [0.83873469 0.83914286 0.84290816 0.84545918]]",4.790583835844393e-11,0.019522488972303527,0.0003175773721425986,BNCI2014-008,2,0
3,4,8,0.8810625,0.8162469387755102,"[[0.80767347 0.80735714 0.80864286 0.81037755]
 [0.79173469 0.79383673 0.79603061 0.79322449]
 [0.79118367 0.79367347 0.79422449 0.79421429]
 [0.8269898  0.82787755 0.82821429 0.8337449 ]
 [0.84759184 0.8452449  0.8479898  0.84967347]]","[[0.80767347 0.80735714 0.80864286 0.81037755]
 [0.79173469 0.79383673 0.79603061 0.79322449]
 [0.79118367 0.79367347 0.79422449 0.79421429]
 [0.8269898  0.82787755 0.82821429 0.8337449 ]
 [0.84759184 0.8452449  0.8479898  0.84967347]]",4.1930406055608974e-11,0.018431298146035648,0.00033287924769680356,BNCI2014-008,2,0
4,5,8,0.883513775510204,0.818365306122449,"[[0.81045918 0.81056122 0.81180612 0.81561224]
 [0.7927551  0.79323469 0.79307143 0.79520408]
 [0.79365306 0.79443878 0.79415306 0.79357143]
 [0.83718367 0.83397959 0.83493878 0.83538776]
 [0.85006122 0.85081633 0.84997959 0.85205102]]","[[0.81045918 0.81056122 0.81180612 0.81561224]
 [0.7927551  0.79323469 0.79307143 0.79520408]
 [0.79365306 0.79443878 0.79415306 0.79357143]
 [0.83718367 0.83397959 0.83493878 0.83538776]
 [0.85006122 0.85081633 0.84997959 0.85205102]]",3.943073018817466e-11,0.01823952816600999,0.00034254877905549365,BNCI2014-008,2,0
5,6,4,0.8841789540816327,0.8188040816326531,"[[0.81478571 0.81490816 0.81493878 0.81415306]
 [0.79559184 0.79506122 0.79612245 0.80016327]
 [0.79358163 0.79326531 0.79343878 0.79226531]
 [0.83568367 0.83679592 0.83821429 0.83506122]
 [0.85214286 0.85183673 0.85130612 0.85209184]]","[[0.81478571 0.81490816 0.81493878 0.81415306]
 [0.79559184 0.79506122 0.79612245 0.80016327]
 [0.79358163 0.79326531 0.79343878 0.79226531]
 [0.83568367 0.83679592 0.83821429 0.83506122]
 [0.85214286 0.85183673 0.85130612 0.85209184]]",3.875017670187181e-11,0.018246550943677674,0.0003444131287556796,BNCI2014-008,2,0
6,7,1,0.8842005102040817,0.818861224489796,"[[0.81530612 0.81412245 0.81444898 0.81376531]
 [0.79609184 0.79665306 0.79794898 0.79986735]
 [0.7932551  0.79321429 0.79196939 0.79221429]
 [0.83817347 0.83755102 0.83712245 0.83395918]
 [0.85147959 0.85064286 0.85153061 0.85215306]]","[[0.81530612 0.81412245 0.81444898 0.81376531]
 [0.79609184 0.79665306 0.79794898 0.79986735]
 [0.7932551  0.79321429 0.79196939 0.79221429]
 [0.83817347 0.83755102 0.83712245 0.83395918]
 [0.85147959 0.85064286 0.85153061 0.85215306]]",3.864523634988056e-11,0.018247692199054782,0.0003445306762226554,BNCI2014-008,2,0
7,8,4,0.885080612244898,0.8187204081632654,"[[0.81527551 0.81517347 0.81543878 0.81285714]
 [0.79660204 0.79719388 0.79832653 0.79994898]
 [0.7930102  0.79308163 0.79166327 0.79165306]
 [0.838      0.83782653 0.83776531 0.83360204]
 [0.85027551 0.85022449 0.85040816 0.85319388]]","[[0.81527551 0.81517347 0.81543878 0.81285714]
 [0.79660204 0.79719388 0.79832653 0.79994898]
 [0.7930102  0.79308163 0.79166327 0.79165306]
 [0.838      0.83782653 0.83776531 0.83360204]
 [0.85027551 0.85022449 0.85040816 0.85319388]]",3.641166403770433e-11,0.01824024237785328,0.00034663884779762824,BNCI2014-008,2,0
8,9,4,0.8855720663265305,0.8191795918367347,"[[0.81506122 0.81336735 0.81402041 0.81307143]
 [0.7979898  0.79805102 0.79796939 0.80235714]
 [0.79153061 0.79185714 0.79520408 0.79373469]
 [0.83808163 0.83838776 0.83785714 0.8330102 ]
 [0.85045918 0.85056122 0.85084694 0.85172449]]","[[0.81506122 0.81336735 0.81402041 0.81307143]
 [0.7979898  0.79805102 0.79796939 0.80235714]
 [0.79153061 0.79185714 0.79520408 0.79373469]
 [0.83808163 0.83838776 0.83785714 0.8330102 ]
 [0.85045918 0.85056122 0.85084694 0.85172449]]",3.445260708998716e-11,0.018188485914784155,0.00034919060774982674,BNCI2014-008,2,0
9,10,2,0.8856875000000001,0.8195469387755102,"[[0.8127551  0.81418367 0.81334694 0.81135714]
 [0.7982449  0.79878571 0.79994898 0.80318367]
 [0.79534694 0.79571429 0.79545918 0.79178571]
 [0.83836735 0.83810204 0.83809184 0.83443878]
 [0.85045918 0.85094898 0.85033673 0.85133673]]","[[0.8127551  0.81418367 0.81334694 0.81135714]
 [0.7982449  0.79878571 0.79994898 0.80318367]
 [0.79534694 0.79571429 0.79545918 0.79178571]
 [0.83836735 0.83810204 0.83809184 0.83443878]
 [0.85045918 0.85094898 0.85033673 0.85133673]]",3.37895962935403e-11,0.01818013443220142,0.0003497287572312201,BNCI2014-008,2,0
10,11,4,0.8860473214285716,0.8196795918367347,"[[0.814      0.81413265 0.81309184 0.81215306]
 [0.79884694 0.79852041 0.80056122 0.8032449 ]
 [0.79518367 0.79419388 0.79558163 0.79160204]
 [0.83807143 0.83820408 0.83817347 0.83636735]
 [0.85081633 0.85089796 0.8509898  0.85112245]]","[[0.814      0.81413265 0.81309184 0.81215306]
 [0.79884694 0.79852041 0.80056122 0.8032449 ]
 [0.79518367 0.79419388 0.79558163 0.79160204]
 [0.83807143 0.83820408 0.83817347 0.83636735]
 [0.85081633 0.85089796 0.8509898  0.85112245]]",3.264863041492634e-11,0.01814869861455701,0.0003514466687219309,BNCI2014-008,2,0
11,12,8,0.8875706632653062,0.8199571428571428,"[[0.81314286 0.81266327 0.81326531 0.8125    ]
 [0.80017347 0.79934694 0.79969388 0.80266327]
 [0.79602041 0.79580612 0.79568367 0.79512245]
 [0.83747959 0.8372449  0.83604082 0.83709184]
 [0.85128571 0.85097959 0.8505     0.85240816]]","[[0.81314286 0.81266327 0.81326531 0.8125    ]
 [0.80017347 0.79934694 0.79969388 0.80266327]
 [0.79602041 0.79580612 0.79568367 0.79512245]
 [0.83747959 0.8372449  0.83604082 0.83709184]
 [0.85128571 0.85097959 0.8505     0.85240816]]",2.7802541969260334e-11,0.017709758636628957,0.00035807852556761683,BNCI2014-008,2,0
12,13,1,0.887563775510204,0.8201306122448979,"[[0.8122449  0.81122449 0.8125     0.81020408]
 [0.80292857 0.80147959 0.80162245 0.80330612]
 [0.79504082 0.79505102 0.79445918 0.79230612]
 [0.83808163 0.83711224 0.83709184 0.83640816]
 [0.85235714 0.85240816 0.85361224 0.85255102]]","[[0.8122449  0.81122449 0.8125     0.81020408]
 [0.80292857 0.80147959 0.80162245 0.80330612]
 [0.79504082 0.79505102 0.79445918 0.79230612]
 [0.83808163 0.83711224 0.83709184 0.83640816]
 [0.85235714 0.85240816 0.85361224 0.85255102]]",2.7774793893657114e-11,0.01771148581427144,0.00035817002798086946,BNCI2014-008,2,0
13,14,4,0.8878637755102041,0.8205428571428571,"[[0.81145918 0.81126531 0.81172449 0.81081633]
 [0.80243878 0.80229592 0.80256122 0.80479592]
 [0.79536735 0.79506122 0.79704082 0.79228571]
 [0.8382551  0.83776531 0.83813265 0.83788776]
 [0.85235714 0.85202041 0.8532551  0.85305102]]","[[0.81145918 0.81126531 0.81172449 0.81081633]
 [0.80243878 0.80229592 0.80256122 0.80479592]
 [0.79536735 0.79506122 0.79704082 0.79228571]
 [0.8382551  0.83776531 0.83813265 0.83788776]
 [0.85235714 0.85202041 0.8532551  0.85305102]]",2.6169473063383362e-11,0.01768005111016095,0.00036028560973694524,BNCI2014-008,2,0
14,15,1,0.8879411989795919,0.8205938775510203,"[[0.81152041 0.81117347 0.81078571 0.80992857]
 [0.8024898  0.80166327 0.80053061 0.80285714]
 [0.79706122 0.79697959 0.7980102  0.79284694]
 [0.83832653 0.83867347 0.83886735 0.83863265]
 [0.85357143 0.85364286 0.85272449 0.84960204]]","[[0.81152041 0.81117347 0.81078571 0.80992857]
 [0.8024898  0.80166327 0.80053061 0.80285714]
 [0.79706122 0.79697959 0.7980102  0.79284694]
 [0.83832653 0.83867347 0.83886735 0.83863265]
 [0.85357143 0.85364286 0.85272449 0.84960204]]",2.6132050939611963e-11,0.017681946876614493,0.00036040532323323196,BNCI2014-008,2,0
15,16,2,0.8880613520408163,0.8205938775510203,"[[0.81121429 0.81186735 0.81095918 0.80946939]
 [0.8022551  0.80117347 0.80185714 0.80390816]
 [0.79696939 0.79688776 0.79738776 0.7945    ]
 [0.83839796 0.83876531 0.83805102 0.83863265]
 [0.85376531 0.85427551 0.85328571 0.84917347]]","[[0.81121429 0.81186735 0.81095918 0.80946939]
 [0.8022551  0.80117347 0.80185714 0.80390816]
 [0.79696939 0.79688776 0.79738776 0.7945    ]
 [0.83839796 0.83876531 0.83805102 0.83863265]
 [0.85376531 0.85427551 0.85328571 0.84917347]]",2.5935280325551637e-11,0.01767242335841101,0.00036134202965943854,BNCI2014-008,2,0
0,1,2,0.9053992346938775,0.886965306122449,"[[0.86055102 0.88621429 0.8839898  0.86933673]
 [0.85147959 0.87380612 0.8699898  0.85540816]
 [0.89391837 0.90252041 0.89213265 0.8667551 ]
 [0.84729592 0.86068367 0.85919388 0.83982653]
 [0.88794898 0.91160204 0.9105102  0.87020408]]","[[0.86055102 0.88621429 0.8839898  0.86933673]
 [0.85147959 0.87380612 0.8699898  0.85540816]
 [0.89391837 0.90252041 0.89213265 0.8667551 ]
 [0.84729592 0.86068367 0.85919388 0.83982653]
 [0.88794898 0.91160204 0.9105102  0.87020408]]",4.843754636351603e-11,0.20395636986507948,0.000380315648712782,BNCI2014-008,3,0
1,2,1,0.906259693877551,0.8886734693877552,"[[0.89089796 0.87965306 0.87965306 0.87728571]
 [0.87292857 0.87423469 0.86689796 0.86094898]
 [0.90176531 0.89476531 0.89579592 0.88792857]
 [0.86682653 0.86314286 0.86514286 0.86117347]
 [0.91094898 0.90257143 0.90010204 0.89087755]]","[[0.89089796 0.87965306 0.87965306 0.87728571]
 [0.87292857 0.87423469 0.86689796 0.86094898]
 [0.90176531 0.89476531 0.89579592 0.88792857]
 [0.86682653 0.86314286 0.86514286 0.86117347]
 [0.91094898 0.90257143 0.90010204 0.89087755]]",4.8420019107316846e-11,0.2058803295350915,0.0003824056942509488,BNCI2014-008,3,0
2,3,1,0.9072655612244898,0.8880755102040817,"[[0.88989796 0.88491837 0.88518367 0.88686735]
 [0.87337755 0.8749898  0.86995918 0.86512245]
 [0.89871429 0.90046939 0.90385714 0.89768367]
 [0.86685714 0.86561224 0.87146939 0.86731633]
 [0.91153061 0.9037449  0.89992857 0.89335714]]","[[0.88989796 0.88491837 0.88518367 0.88686735]
 [0.87337755 0.8749898  0.86995918 0.86512245]
 [0.89871429 0.90046939 0.90385714 0.89768367]
 [0.86685714 0.86561224 0.87146939 0.86731633]
 [0.91153061 0.9037449  0.89992857 0.89335714]]",4.841217394742995e-11,0.2077630325366868,0.0003831523065418356,BNCI2014-008,3,0
3,4,2,0.9120323979591838,0.888965306122449,"[[0.88916327 0.88923469 0.88254082 0.88585714]
 [0.8759898  0.87418367 0.87639796 0.8699898 ]
 [0.89865306 0.89818367 0.90308163 0.895     ]
 [0.86870408 0.87591837 0.86527551 0.86954082]
 [0.9077449  0.90730612 0.90139796 0.89561224]]","[[0.88916327 0.88923469 0.88254082 0.88585714]
 [0.8759898  0.87418367 0.87639796 0.8699898 ]
 [0.89865306 0.89818367 0.90308163 0.895     ]
 [0.86870408 0.87591837 0.86527551 0.86954082]
 [0.9077449  0.90730612 0.90139796 0.89561224]]",4.786354849099914e-11,0.15087385733204128,0.000411949899916452,BNCI2014-008,3,0
4,5,1,0.9146039540816326,0.8875469387755102,"[[0.88408163 0.88110204 0.88256122 0.88518367]
 [0.87721429 0.87657143 0.87446939 0.87060204]
 [0.89702041 0.8992449  0.89920408 0.89328571]
 [0.87508163 0.87178571 0.86778571 0.86787755]
 [0.90433673 0.90346939 0.90019388 0.89765306]]","[[0.88408163 0.88110204 0.88256122 0.88518367]
 [0.87721429 0.87657143 0.87446939 0.87060204]
 [0.89702041 0.8992449  0.89920408 0.89328571]
 [0.87508163 0.87178571 0.86778571 0.86787755]
 [0.90433673 0.90346939 0.90019388 0.89765306]]",4.774430590957489e-11,0.1442536452532741,0.00043003902437894977,BNCI2014-008,3,0
5,6,1,0.917136224489796,0.887095918367347,"[[0.88457143 0.88193878 0.88396939 0.88631633]
 [0.87690816 0.87761224 0.87255102 0.87078571]
 [0.89814286 0.89920408 0.89912245 0.89415306]
 [0.87376531 0.87186735 0.86912245 0.86647959]
 [0.90209184 0.90205102 0.90005102 0.89681633]]","[[0.88457143 0.88193878 0.88396939 0.88631633]
 [0.87690816 0.87761224 0.87255102 0.87078571]
 [0.89814286 0.89920408 0.89912245 0.89415306]
 [0.87376531 0.87186735 0.86912245 0.86647959]
 [0.90209184 0.90205102 0.90005102 0.89681633]]",4.7733249063467585e-11,0.14533776182906968,0.00043023997764725375,BNCI2014-008,3,0
6,7,1,0.9188836734693877,0.8852734693877551,"[[0.88304082 0.88120408 0.8832551  0.88695918]
 [0.87719388 0.87815306 0.87243878 0.87080612]
 [0.89247959 0.89483673 0.89420408 0.89265306]
 [0.87171429 0.87003061 0.86827551 0.86586735]
 [0.90193878 0.90091837 0.89677551 0.89654082]]","[[0.88304082 0.88120408 0.8832551  0.88695918]
 [0.87719388 0.87815306 0.87243878 0.87080612]
 [0.89247959 0.89483673 0.89420408 0.89265306]
 [0.87171429 0.87003061 0.86827551 0.86586735]
 [0.90193878 0.90091837 0.89677551 0.89654082]]",4.772718350651757e-11,0.14665939907240952,0.0004304346681191246,BNCI2014-008,3,0
7,8,1,0.9206327806122448,0.8853816326530612,"[[0.88230612 0.88234694 0.88443878 0.88791837]
 [0.87980612 0.87385714 0.87411224 0.87147959]
 [0.89340816 0.89434694 0.89283673 0.89164286]
 [0.87078571 0.87177551 0.86666327 0.865     ]
 [0.90060204 0.89912245 0.89766327 0.89560204]]","[[0.88230612 0.88234694 0.88443878 0.88791837]
 [0.87980612 0.87385714 0.87411224 0.87147959]
 [0.89340816 0.89434694 0.89283673 0.89164286]
 [0.87078571 0.87177551 0.86666327 0.865     ]
 [0.90060204 0.89912245 0.89766327 0.89560204]]",4.762457846940399e-11,0.1400272849672257,0.00043839619472622237,BNCI2014-008,3,0
8,9,1,0.9215294642857141,0.8846448979591838,"[[0.88379592 0.88204082 0.88616327 0.88766327]
 [0.87512245 0.87739796 0.87116327 0.86958163]
 [0.89476531 0.89394898 0.89358163 0.89157143]
 [0.87234694 0.87245918 0.86918367 0.8689898 ]
 [0.89719388 0.89504082 0.8957449  0.89259184]]","[[0.88379592 0.88204082 0.88616327 0.88766327]
 [0.87512245 0.87739796 0.87116327 0.86958163]
 [0.89476531 0.89394898 0.89358163 0.89157143]
 [0.87234694 0.87245918 0.86918367 0.8689898 ]
 [0.89719388 0.89504082 0.8957449  0.89259184]]",4.748957922705429e-11,0.13317086365401082,0.00044665820039538264,BNCI2014-008,3,0
9,10,1,0.9221382653061225,0.8849285714285713,"[[0.88422449 0.88357143 0.88670408 0.88729592]
 [0.87538776 0.87407143 0.87087755 0.86911224]
 [0.89546939 0.89435714 0.89335714 0.89186735]
 [0.8735     0.87355102 0.87242857 0.86980612]
 [0.89606122 0.89523469 0.89437755 0.89185714]]","[[0.88422449 0.88357143 0.88670408 0.88729592]
 [0.87538776 0.87407143 0.87087755 0.86911224]
 [0.89546939 0.89435714 0.89335714 0.89186735]
 [0.8735     0.87355102 0.87242857 0.86980612]
 [0.89606122 0.89523469 0.89437755 0.89185714]]",4.746923448949584e-11,0.13225527021005634,0.0004467866492822949,BNCI2014-008,3,0
10,11,1,0.9221822704081631,0.8851122448979591,"[[0.88418367 0.88455102 0.88579592 0.88847959]
 [0.87558163 0.87334694 0.87104082 0.86933673]
 [0.89615306 0.89511224 0.89283673 0.89136735]
 [0.87363265 0.87502041 0.8722551  0.86996939]
 [0.8960102  0.89622449 0.89405102 0.89317347]]","[[0.88418367 0.88455102 0.88579592 0.88847959]
 [0.87558163 0.87334694 0.87104082 0.86933673]
 [0.89615306 0.89511224 0.89283673 0.89136735]
 [0.87363265 0.87502041 0.8722551  0.86996939]
 [0.8960102  0.89622449 0.89405102 0.89317347]]",4.745148648238249e-11,0.13227677231953483,0.00044735311186069453,BNCI2014-008,3,0
11,12,1,0.9226881377551021,0.8838061224489795,"[[0.88379592 0.88418367 0.88579592 0.88990816]
 [0.87260204 0.87314286 0.87305102 0.86934694]
 [0.89546939 0.893      0.89209184 0.88982653]
 [0.8712551  0.87138776 0.87053061 0.87026531]
 [0.89590816 0.89556122 0.8947449  0.89240816]]","[[0.88379592 0.88418367 0.88579592 0.88990816]
 [0.87260204 0.87314286 0.87305102 0.86934694]
 [0.89546939 0.893      0.89209184 0.88982653]
 [0.8712551  0.87138776 0.87053061 0.87026531]
 [0.89590816 0.89556122 0.8947449  0.89240816]]",4.742382904701656e-11,0.13183829191492666,0.00044744061589081443,BNCI2014-008,3,0
12,13,2,0.9230246173469387,0.8837693877551022,"[[0.88361224 0.88421429 0.88252041 0.88880612]
 [0.87271429 0.87407143 0.87213265 0.86780612]
 [0.89555102 0.89363265 0.8927449  0.88726531]
 [0.86991837 0.8720102  0.86813265 0.86857143]
 [0.89579592 0.89491837 0.89457143 0.89207143]]","[[0.88361224 0.88421429 0.88252041 0.88880612]
 [0.87271429 0.87407143 0.87213265 0.86780612]
 [0.89555102 0.89363265 0.8927449  0.88726531]
 [0.86991837 0.8720102  0.86813265 0.86857143]
 [0.89579592 0.89491837 0.89457143 0.89207143]]",4.639293631081152e-11,0.10549099353548821,0.0004567909595203875,BNCI2014-008,3,0
13,14,4,0.9239813775510204,0.884430612244898,"[[0.88434694 0.8819898  0.88557143 0.88818367]
 [0.874      0.87333673 0.87234694 0.86837755]
 [0.89420408 0.89455102 0.895      0.88853061]
 [0.87267347 0.87204082 0.87335714 0.86764286]
 [0.89519388 0.89440816 0.89587755 0.89182653]]","[[0.88434694 0.8819898  0.88557143 0.88818367]
 [0.874      0.87333673 0.87234694 0.86837755]
 [0.89420408 0.89455102 0.895      0.88853061]
 [0.87267347 0.87204082 0.87335714 0.86764286]
 [0.89519388 0.89440816 0.89587755 0.89182653]]",4.5208300157263836e-11,0.058164034552002856,0.00046117641559784817,BNCI2014-008,3,0
14,15,4,0.9246247448979592,0.8845102040816327,"[[0.88513265 0.88554082 0.88523469 0.88764286]
 [0.87182653 0.87241837 0.87423469 0.86540816]
 [0.89471429 0.89130612 0.89512245 0.88944898]
 [0.87326531 0.8712449  0.87242857 0.86640816]
 [0.89540816 0.89585714 0.89553061 0.89135714]]","[[0.88513265 0.88554082 0.88523469 0.88764286]
 [0.87182653 0.87241837 0.87423469 0.86540816]
 [0.89471429 0.89130612 0.89512245 0.88944898]
 [0.87326531 0.8712449  0.87242857 0.86640816]
 [0.89540816 0.89585714 0.89553061 0.89135714]]",4.411634744435676e-11,0.039633541226759925,0.00046554008884785704,BNCI2014-008,3,0
15,16,1,0.9246679846938776,0.884534693877551,"[[0.88521429 0.88508163 0.88658163 0.88828571]
 [0.87437755 0.874      0.86894898 0.87002041]
 [0.89519388 0.89503061 0.8939898  0.88834694]
 [0.87231633 0.87121429 0.86822449 0.86733673]
 [0.89557143 0.8957449  0.89427551 0.89253061]]","[[0.88521429 0.88508163 0.88658163 0.88828571]
 [0.87437755 0.874      0.86894898 0.87002041]
 [0.89519388 0.89503061 0.8939898  0.88834694]
 [0.87231633 0.87121429 0.86822449 0.86733673]
 [0.89557143 0.8957449  0.89427551 0.89253061]]",4.3949485884407534e-11,0.03959074214876502,0.00046565248817016975,BNCI2014-008,3,0
0,1,2,0.8365535714285715,0.8106877551020407,"[[0.81969388 0.81412245 0.81777551 0.78120408]
 [0.814      0.81515306 0.81367347 0.78561224]
 [0.77077551 0.80296939 0.79664286 0.77132653]
 [0.80117347 0.81371429 0.79985714 0.76509184]
 [0.79878571 0.80747959 0.81010204 0.78864286]]","[[0.81969388 0.81412245 0.81777551 0.78120408]
 [0.814      0.81515306 0.81367347 0.78561224]
 [0.77077551 0.80296939 0.79664286 0.77132653]
 [0.80117347 0.81371429 0.79985714 0.76509184]
 [0.79878571 0.80747959 0.81010204 0.78864286]]",7.39742495711646e-11,0.1256995538384834,0.00023040555501299757,BNCI2014-008,4,0
1,2,1,0.8453563775510204,0.8091265306122448,"[[0.8159898  0.82161224 0.80926531 0.80197959]
 [0.80960204 0.80909184 0.8042551  0.79880612]
 [0.8052551  0.80205102 0.79359184 0.78673469]
 [0.80527551 0.79497959 0.78719388 0.77953061]
 [0.8095102  0.80871429 0.80364286 0.80038776]]","[[0.8159898  0.82161224 0.80926531 0.80197959]
 [0.80960204 0.80909184 0.8042551  0.79880612]
 [0.8052551  0.80205102 0.79359184 0.78673469]
 [0.80527551 0.79497959 0.78719388 0.77953061]
 [0.8095102  0.80871429 0.80364286 0.80038776]]",7.285808164182577e-11,0.11815456633329212,0.0002499392129364391,BNCI2014-008,4,0
2,3,2,0.8537113520408163,0.8026632653061224,"[[0.81564286 0.81416327 0.81234694 0.79714286]
 [0.8024898  0.80416327 0.79721429 0.79519388]
 [0.79714286 0.79920408 0.79356122 0.7862449 ]
 [0.78706122 0.79063265 0.78476531 0.77940816]
 [0.8064898  0.80515306 0.80477551 0.7985102 ]]","[[0.81564286 0.81416327 0.81234694 0.79714286]
 [0.8024898  0.80416327 0.79721429 0.79519388]
 [0.79714286 0.79920408 0.79356122 0.7862449 ]
 [0.78706122 0.79063265 0.78476531 0.77940816]
 [0.8064898  0.80515306 0.80477551 0.7985102 ]]",7.241319792490798e-11,0.09087317985825892,0.0002754032447159118,BNCI2014-008,4,0
3,4,1,0.8563679846938775,0.8005551020408163,"[[0.80679592 0.80902041 0.80203061 0.80082653]
 [0.80909184 0.79916327 0.7934898  0.79473469]
 [0.79518367 0.79985714 0.79520408 0.78967347]
 [0.78893878 0.7885102  0.78311224 0.778     ]
 [0.80276531 0.80478571 0.79813265 0.7985102 ]]","[[0.80679592 0.80902041 0.80203061 0.80082653]
 [0.80909184 0.79916327 0.7934898  0.79473469]
 [0.79518367 0.79985714 0.79520408 0.78967347]
 [0.78893878 0.7885102  0.78311224 0.778     ]
 [0.80276531 0.80478571 0.79813265 0.7985102 ]]",7.222287619676988e-11,0.08896339209903023,0.00028539150906733973,BNCI2014-008,4,0
4,5,1,0.8579432397959185,0.7984510204081633,"[[0.80569388 0.80664286 0.80382653 0.80212245]
 [0.79979592 0.79608163 0.79906122 0.79509184]
 [0.79661224 0.79580612 0.7947449  0.78786735]
 [0.78876531 0.78133673 0.7822551  0.78246939]
 [0.80138776 0.80212245 0.79714286 0.80026531]]","[[0.80569388 0.80664286 0.80382653 0.80212245]
 [0.79979592 0.79608163 0.79906122 0.79509184]
 [0.79661224 0.79580612 0.7947449  0.78786735]
 [0.78876531 0.78133673 0.7822551  0.78246939]
 [0.80138776 0.80212245 0.79714286 0.80026531]]",7.166224274081673e-11,0.08089152108724051,0.00028848304102463944,BNCI2014-008,4,0
5,6,1,0.8586170918367347,0.7977571428571429,"[[0.80677551 0.80072449 0.80412245 0.80186735]
 [0.79818367 0.79506122 0.7962449  0.79343878]
 [0.79489796 0.7932551  0.79452041 0.78535714]
 [0.78679592 0.79008163 0.78783673 0.78358163]
 [0.80213265 0.80371429 0.7974898  0.79958163]]","[[0.80677551 0.80072449 0.80412245 0.80186735]
 [0.79818367 0.79506122 0.7962449  0.79343878]
 [0.79489796 0.7932551  0.79452041 0.78535714]
 [0.78679592 0.79008163 0.78783673 0.78358163]
 [0.80213265 0.80371429 0.7974898  0.79958163]]",7.157230236949203e-11,0.08093003540080916,0.0002886355291640824,BNCI2014-008,4,0
6,7,1,0.8592051020408163,0.7983367346938776,"[[0.80776531 0.80379592 0.80440816 0.80088776]
 [0.79995918 0.79654082 0.7977551  0.79634694]
 [0.79384694 0.79172449 0.79072449 0.78139796]
 [0.7847449  0.78406122 0.78854082 0.77973469]
 [0.80536735 0.80122449 0.79939796 0.8032551 ]]","[[0.80776531 0.80379592 0.80440816 0.80088776]
 [0.79995918 0.79654082 0.7977551  0.79634694]
 [0.79384694 0.79172449 0.79072449 0.78139796]
 [0.7847449  0.78406122 0.78854082 0.77973469]
 [0.80536735 0.80122449 0.79939796 0.8032551 ]]",7.143392198329891e-11,0.0805291712699822,0.00028947641587405117,BNCI2014-008,4,0
7,8,1,0.8601355867346939,0.7980346938775511,"[[0.80918367 0.80578571 0.80237755 0.80292857]
 [0.79957143 0.80020408 0.7922449  0.79430612]
 [0.7905     0.79087755 0.78704082 0.77807143]
 [0.78562245 0.78344898 0.78561224 0.77556122]
 [0.80529592 0.79990816 0.79860204 0.80461224]]","[[0.80918367 0.80578571 0.80237755 0.80292857]
 [0.79957143 0.80020408 0.7922449  0.79430612]
 [0.7905     0.79087755 0.78704082 0.77807143]
 [0.78562245 0.78344898 0.78561224 0.77556122]
 [0.80529592 0.79990816 0.79860204 0.80461224]]",7.13905811664995e-11,0.0806134667614613,0.00029015372392763406,BNCI2014-008,4,0
8,9,1,0.8605213010204082,0.7970244897959183,"[[0.80388776 0.80323469 0.80342857 0.80205102]
 [0.79861224 0.79702041 0.80007143 0.79460204]
 [0.79140816 0.7907551  0.78680612 0.77894898]
 [0.78485714 0.78444898 0.78182653 0.77404082]
 [0.80635714 0.79872449 0.79914286 0.80484694]]","[[0.80388776 0.80323469 0.80342857 0.80205102]
 [0.79861224 0.79702041 0.80007143 0.79460204]
 [0.79140816 0.7907551  0.78680612 0.77894898]
 [0.78485714 0.78444898 0.78182653 0.77404082]
 [0.80635714 0.79872449 0.79914286 0.80484694]]",7.127972297599656e-11,0.07837540778029377,0.0002958049712500511,BNCI2014-008,4,0
9,10,1,0.8606771683673469,0.795834693877551,"[[0.80354082 0.79761224 0.80253061 0.80233673]
 [0.79896939 0.79959184 0.79530612 0.79834694]
 [0.79037755 0.79053061 0.78636735 0.78082653]
 [0.78363265 0.78253061 0.78332653 0.77210204]
 [0.80265306 0.80266327 0.80015306 0.80611224]]","[[0.80354082 0.79761224 0.80253061 0.80233673]
 [0.79896939 0.79959184 0.79530612 0.79834694]
 [0.79037755 0.79053061 0.78636735 0.78082653]
 [0.78363265 0.78253061 0.78332653 0.77210204]
 [0.80265306 0.80266327 0.80015306 0.80611224]]",7.121598738752621e-11,0.07832739645959881,0.0002966756574660661,BNCI2014-008,4,0
10,11,1,0.8607579081632654,0.7956857142857143,"[[0.80158163 0.79531633 0.80117347 0.80084694]
 [0.80013265 0.79952041 0.79773469 0.79503061]
 [0.79078571 0.79068367 0.78738776 0.78261224]
 [0.78339796 0.78386735 0.77986735 0.77515306]
 [0.80253061 0.80140816 0.8014898  0.8044898 ]]","[[0.80158163 0.79531633 0.80117347 0.80084694]
 [0.80013265 0.79952041 0.79773469 0.79503061]
 [0.79078571 0.79068367 0.78738776 0.78261224]
 [0.78339796 0.78386735 0.77986735 0.77515306]
 [0.80253061 0.80140816 0.8014898  0.8044898 ]]",7.107574062614787e-11,0.0781962709214943,0.0002969276668962418,BNCI2014-008,4,0
11,12,1,0.8607348214285715,0.7957408163265305,"[[0.80143878 0.79819388 0.80011224 0.79807143]
 [0.80034694 0.80104082 0.79815306 0.79464286]
 [0.79006122 0.79       0.78868367 0.78360204]
 [0.78385714 0.78465306 0.78109184 0.77629592]
 [0.803      0.80271429 0.8005102  0.80429592]]","[[0.80143878 0.79819388 0.80011224 0.79807143]
 [0.80034694 0.80104082 0.79815306 0.79464286]
 [0.79006122 0.79       0.78868367 0.78360204]
 [0.78385714 0.78465306 0.78109184 0.77629592]
 [0.803      0.80271429 0.8005102  0.80429592]]",7.105174598964479e-11,0.07817071068273478,0.0002971365972006652,BNCI2014-008,4,0
12,13,1,0.8610876275510204,0.7965428571428571,"[[0.80142857 0.79997959 0.79988776 0.80190816]
 [0.80077551 0.79972449 0.79406122 0.79166327]
 [0.79088776 0.7922449  0.79153061 0.7797449 ]
 [0.78636735 0.78439796 0.77372449 0.77282653]
 [0.8032551  0.80223469 0.80287755 0.80616327]]","[[0.80142857 0.79997959 0.79988776 0.80190816]
 [0.80077551 0.79972449 0.79406122 0.79166327]
 [0.79088776 0.7922449  0.79153061 0.7797449 ]
 [0.78636735 0.78439796 0.77372449 0.77282653]
 [0.8032551  0.80223469 0.80287755 0.80616327]]",7.100123760835784e-11,0.07804683829816723,0.0002975229842034936,BNCI2014-008,4,0
13,14,1,0.8611145408163263,0.7966795918367346,"[[0.80110204 0.79969388 0.8034898  0.80669388]
 [0.8005     0.7969898  0.79330612 0.79076531]
 [0.79089796 0.79241837 0.78692857 0.78285714]
 [0.78639796 0.78526531 0.77847959 0.77444898]
 [0.8045     0.80379592 0.80096939 0.80527551]]","[[0.80110204 0.79969388 0.8034898  0.80669388]
 [0.8005     0.7969898  0.79330612 0.79076531]
 [0.79089796 0.79241837 0.78692857 0.78285714]
 [0.78639796 0.78526531 0.77847959 0.77444898]
 [0.8045     0.80379592 0.80096939 0.80527551]]",7.058312349554851e-11,0.07775184057696244,0.00029775739546712357,BNCI2014-008,4,0
14,15,1,0.8612678571428571,0.7968591836734694,"[[0.80094898 0.80111224 0.80161224 0.80391837]
 [0.80092857 0.79972449 0.80032653 0.79373469]
 [0.79091837 0.78952041 0.79181633 0.77958163]
 [0.78691837 0.78361224 0.78057143 0.77710204]
 [0.80458163 0.80170408 0.80320408 0.80591837]]","[[0.80094898 0.80111224 0.80161224 0.80391837]
 [0.80092857 0.79972449 0.80032653 0.79373469]
 [0.79091837 0.78952041 0.79181633 0.77958163]
 [0.78691837 0.78361224 0.78057143 0.77710204]
 [0.80458163 0.80170408 0.80320408 0.80591837]]",7.01537991999065e-11,0.07526981221941731,0.00029805655116096506,BNCI2014-008,4,0
15,16,1,0.8618517857142857,0.7969816326530611,"[[0.79943878 0.79609184 0.80244898 0.80460204]
 [0.80080612 0.79972449 0.79415306 0.79862245]
 [0.79263265 0.78910204 0.78840816 0.78505102]
 [0.78747959 0.78330612 0.78062245 0.77915306]
 [0.80455102 0.8075     0.80778571 0.80939796]]","[[0.79943878 0.79609184 0.80244898 0.80460204]
 [0.80080612 0.79972449 0.79415306 0.79862245]
 [0.79263265 0.78910204 0.78840816 0.78505102]
 [0.78747959 0.78330612 0.78062245 0.77915306]
 [0.80455102 0.8075     0.80778571 0.80939796]]",7.010139226826474e-11,0.07523931243697121,0.0002981532725278098,BNCI2014-008,4,0
0,1,1,0.8609149234693877,0.8459040816326532,"[[0.86639796 0.77553061 0.82382653 0.84445918]
 [0.82639796 0.72941837 0.75914286 0.81095918]
 [0.84957143 0.75219388 0.8220102  0.85255102]
 [0.8537449  0.7367449  0.77478571 0.82845918]
 [0.83340816 0.74943878 0.82169388 0.84777551]]","[[0.86639796 0.77553061 0.82382653 0.84445918]
 [0.82639796 0.72941837 0.75914286 0.81095918]
 [0.84957143 0.75219388 0.8220102  0.85255102]
 [0.8537449  0.7367449  0.77478571 0.82845918]
 [0.83340816 0.74943878 0.82169388 0.84777551]]",4.449121712306304e-11,0.5358641557525233,0.00025517340750120165,BNCI2014-008,5,0
1,2,4,0.8890241071428571,0.8515857142857144,"[[0.8667449  0.87032653 0.86897959 0.86      ]
 [0.82584694 0.82280612 0.81603061 0.82670408]
 [0.84988776 0.85513265 0.86857143 0.86627551]
 [0.85343878 0.85534694 0.85079592 0.84554082]
 [0.83321429 0.85095918 0.85355102 0.85829592]]","[[0.8667449  0.87032653 0.86897959 0.86      ]
 [0.82584694 0.82280612 0.81603061 0.82670408]
 [0.84988776 0.85513265 0.86857143 0.86627551]
 [0.85343878 0.85534694 0.85079592 0.84554082]
 [0.83321429 0.85095918 0.85355102 0.85829592]]",4.066858464495208e-11,0.042805702412492166,0.0003606647845856454,BNCI2014-008,5,0
2,3,2,0.8946903061224489,0.8536653061224488,"[[0.86904082 0.8750102  0.86944898 0.86064286]
 [0.81577551 0.81666327 0.82204082 0.82573469]
 [0.86829592 0.87167347 0.86886735 0.86761224]
 [0.85219388 0.85168367 0.85236735 0.84770408]
 [0.85603061 0.85329592 0.85185714 0.85557143]]","[[0.86904082 0.8750102  0.86944898 0.86064286]
 [0.81577551 0.81666327 0.82204082 0.82573469]
 [0.86829592 0.87167347 0.86886735 0.86761224]
 [0.85219388 0.85168367 0.85236735 0.84770408]
 [0.85603061 0.85329592 0.85185714 0.85557143]]",4.03803434779402e-11,0.04366483603634684,0.00036269438585104143,BNCI2014-008,5,0
3,4,4,0.9013576530612244,0.8539836734693876,"[[0.8717449  0.8732551  0.87055102 0.86234694]
 [0.81711224 0.81573469 0.82081633 0.82227551]
 [0.87037755 0.86984694 0.86917347 0.87052041]
 [0.8535     0.85176531 0.8515102  0.84981633]
 [0.85246939 0.85703061 0.85786735 0.85977551]]","[[0.8717449  0.8732551  0.87055102 0.86234694]
 [0.81711224 0.81573469 0.82081633 0.82227551]
 [0.87037755 0.86984694 0.86917347 0.87052041]
 [0.8535     0.85176531 0.8515102  0.84981633]
 [0.85246939 0.85703061 0.85786735 0.85977551]]",3.738443582724003e-11,0.02766681998824618,0.0003967944480423873,BNCI2014-008,5,0
4,5,1,0.902400892857143,0.8543938775510203,"[[0.87108163 0.86819388 0.86781633 0.85919388]
 [0.82423469 0.822      0.82387755 0.82420408]
 [0.86938776 0.87171429 0.86564286 0.86893878]
 [0.85215306 0.85193878 0.85264286 0.85019388]
 [0.85511224 0.85577551 0.85542857 0.85837755]]","[[0.87108163 0.86819388 0.86781633 0.85919388]
 [0.82423469 0.822      0.82387755 0.82420408]
 [0.86938776 0.87171429 0.86564286 0.86893878]
 [0.85215306 0.85193878 0.85264286 0.85019388]
 [0.85511224 0.85577551 0.85542857 0.85837755]]",3.723696963325739e-11,0.027610169056664472,0.0004047321721529932,BNCI2014-008,5,0
5,6,2,0.9030707908163267,0.8550795918367345,"[[0.86992857 0.87272449 0.86982653 0.85931633]
 [0.82120408 0.82518367 0.82742857 0.82105102]
 [0.86638776 0.86921429 0.8677551  0.8707449 ]
 [0.8522449  0.8525     0.85276531 0.85184694]
 [0.8575102  0.85577551 0.85554082 0.86065306]]","[[0.86992857 0.87272449 0.86982653 0.85931633]
 [0.82120408 0.82518367 0.82742857 0.82105102]
 [0.86638776 0.86921429 0.8677551  0.8707449 ]
 [0.8522449  0.8525     0.85276531 0.85184694]
 [0.8575102  0.85577551 0.85554082 0.86065306]]",3.69311251305758e-11,0.027570766217387212,0.00040828935901439687,BNCI2014-008,5,0
6,7,4,0.9058383928571428,0.8553408163265306,"[[0.87062245 0.86981633 0.86980612 0.85910204]
 [0.82564286 0.82364286 0.8265     0.82485714]
 [0.86639796 0.86936735 0.86722449 0.86877551]
 [0.85180612 0.85115306 0.85288776 0.85104082]
 [0.85638776 0.85861224 0.86028571 0.85864286]]","[[0.87062245 0.86981633 0.86980612 0.85910204]
 [0.82564286 0.82364286 0.8265     0.82485714]
 [0.86639796 0.86936735 0.86722449 0.86877551]
 [0.85180612 0.85115306 0.85288776 0.85104082]
 [0.85638776 0.85861224 0.86028571 0.85864286]]",3.60715049403327e-11,0.025287087166179566,0.0004181460682212429,BNCI2014-008,5,0
7,8,1,0.9059008928571428,0.8552632653061224,"[[0.86872449 0.86718367 0.86827551 0.85763265]
 [0.82666327 0.82630612 0.8285     0.8265    ]
 [0.86664286 0.86722449 0.8677551  0.86421429]
 [0.85321429 0.85267347 0.85346939 0.84994898]
 [0.86107143 0.86086735 0.85828571 0.85791837]]","[[0.86872449 0.86718367 0.86827551 0.85763265]
 [0.82666327 0.82630612 0.8285     0.8265    ]
 [0.86664286 0.86722449 0.8677551  0.86421429]
 [0.85321429 0.85267347 0.85346939 0.84994898]
 [0.86107143 0.86086735 0.85828571 0.85791837]]",3.605396828532456e-11,0.025302794410572007,0.0004182936731518713,BNCI2014-008,5,0
8,9,4,0.9067382653061224,0.8555346938775511,"[[0.86867347 0.86769388 0.86820408 0.85720408]
 [0.82705102 0.82688776 0.82768367 0.82530612]
 [0.86653061 0.86712245 0.86788776 0.86435714]
 [0.85277551 0.85303061 0.85460204 0.85302041]
 [0.86023469 0.86073469 0.85929592 0.85768367]]","[[0.86867347 0.86769388 0.86820408 0.85720408]
 [0.82705102 0.82688776 0.82768367 0.82530612]
 [0.86653061 0.86712245 0.86788776 0.86435714]
 [0.85277551 0.85303061 0.85460204 0.85302041]
 [0.86023469 0.86073469 0.85929592 0.85768367]]",3.5439990570354774e-11,0.024802270087129014,0.0004206257165581273,BNCI2014-008,5,0
9,10,2,0.9071558673469386,0.8556795918367346,"[[0.86765306 0.86671429 0.86369388 0.85442857]
 [0.82770408 0.8274898  0.82936735 0.82405102]
 [0.86770408 0.86911224 0.86864286 0.8645102 ]
 [0.85571429 0.85608163 0.85577551 0.8542449 ]
 [0.85896939 0.859      0.85863265 0.85562245]]","[[0.86765306 0.86671429 0.86369388 0.85442857]
 [0.82770408 0.8274898  0.82936735 0.82405102]
 [0.86770408 0.86911224 0.86864286 0.8645102 ]
 [0.85571429 0.85608163 0.85577551 0.8542449 ]
 [0.85896939 0.859      0.85863265 0.85562245]]",3.531143721489283e-11,0.02480904728662192,0.000420956089578129,BNCI2014-008,5,0
10,11,4,0.9085946428571429,0.855973469387755,"[[0.86469388 0.86470408 0.86480612 0.85747959]
 [0.8279898  0.82465306 0.83056122 0.82486735]
 [0.86905102 0.86908163 0.86984694 0.86295918]
 [0.857      0.85546939 0.8555     0.85510204]
 [0.85902041 0.85885714 0.85915306 0.85871429]]","[[0.86469388 0.86470408 0.86480612 0.85747959]
 [0.8279898  0.82465306 0.83056122 0.82486735]
 [0.86905102 0.86908163 0.86984694 0.86295918]
 [0.857      0.85546939 0.8555     0.85510204]
 [0.85902041 0.85885714 0.85915306 0.85871429]]",3.46796327045762e-11,0.02433090966671734,0.00042340496725566857,BNCI2014-008,5,0
11,12,1,0.9087382653061225,0.8557163265306121,"[[0.86476531 0.86437755 0.86021429 0.85559184]
 [0.82929592 0.82884694 0.8265     0.82304082]
 [0.87017347 0.86946939 0.86960204 0.86409184]
 [0.85560204 0.85564286 0.85807143 0.85481633]
 [0.8587449  0.85937755 0.8592551  0.85846939]]","[[0.86476531 0.86437755 0.86021429 0.85559184]
 [0.82929592 0.82884694 0.8265     0.82304082]
 [0.87017347 0.86946939 0.86960204 0.86409184]
 [0.85560204 0.85564286 0.85807143 0.85481633]
 [0.8587449  0.85937755 0.8592551  0.85846939]]",3.458435294646704e-11,0.024355090732947733,0.00042425579983306215,BNCI2014-008,5,0
12,13,2,0.909029719387755,0.8556775510204083,"[[0.86477551 0.8645     0.86067347 0.8572551 ]
 [0.82961224 0.82894898 0.82654082 0.82426531]
 [0.86976531 0.86996939 0.86829592 0.86496939]
 [0.85552041 0.85569388 0.857      0.85332653]
 [0.85838776 0.85927551 0.85957143 0.86014286]]","[[0.86477551 0.8645     0.86067347 0.8572551 ]
 [0.82961224 0.82894898 0.82654082 0.82426531]
 [0.86976531 0.86996939 0.86829592 0.86496939]
 [0.85552041 0.85569388 0.857      0.85332653]
 [0.85838776 0.85927551 0.85957143 0.86014286]]",3.3953235568897896e-11,0.023444966634270724,0.0004243064011468742,BNCI2014-008,5,0
13,14,1,0.9091667091836733,0.8555714285714286,"[[0.86467347 0.86479592 0.86319388 0.85776531]
 [0.82852041 0.82708163 0.8274898  0.8245102 ]
 [0.86936735 0.86857143 0.86740816 0.86165306]
 [0.85604082 0.85652041 0.85480612 0.85595918]
 [0.8592551  0.85667347 0.858      0.85668367]]","[[0.86467347 0.86479592 0.86319388 0.85776531]
 [0.82852041 0.82708163 0.8274898  0.8245102 ]
 [0.86936735 0.86857143 0.86740816 0.86165306]
 [0.85604082 0.85652041 0.85480612 0.85595918]
 [0.8592551  0.85667347 0.858      0.85668367]]",3.3935197030208165e-11,0.023465054632946337,0.00042437550512183016,BNCI2014-008,5,0
14,15,1,0.9092150510204082,0.855804081632653,"[[0.86478571 0.86478571 0.86465306 0.85835714]
 [0.8289898  0.82745918 0.8272551  0.82531633]
 [0.86942857 0.86841837 0.86770408 0.86167347]
 [0.85660204 0.85641837 0.85457143 0.85519388]
 [0.85921429 0.85715306 0.8575102  0.85523469]]","[[0.86478571 0.86478571 0.86465306 0.85835714]
 [0.8289898  0.82745918 0.8272551  0.82531633]
 [0.86942857 0.86841837 0.86770408 0.86167347]
 [0.85660204 0.85641837 0.85457143 0.85519388]
 [0.85921429 0.85715306 0.8575102  0.85523469]]",3.387378040961505e-11,0.023697176509457546,0.00042444314473800304,BNCI2014-008,5,0
15,16,1,0.9092910714285715,0.8556693877551022,"[[0.86492857 0.86414286 0.86192857 0.85657143]
 [0.82862245 0.82931633 0.82588776 0.8224898 ]
 [0.8694898  0.86812245 0.8660102  0.86338776]
 [0.85620408 0.85658163 0.85616327 0.85673469]
 [0.85910204 0.85766327 0.85908163 0.85546939]]","[[0.86492857 0.86414286 0.86192857 0.85657143]
 [0.82862245 0.82931633 0.82588776 0.8224898 ]
 [0.8694898  0.86812245 0.8660102  0.86338776]
 [0.85620408 0.85658163 0.85616327 0.85673469]
 [0.85910204 0.85766327 0.85908163 0.85546939]]",3.3732049159255206e-11,0.023732255114585432,0.00042456590896794476,BNCI2014-008,5,0
0,1,8,0.9184341836734692,0.8760061224489796,"[[0.83744898 0.86441837 0.86734694 0.86835714]
 [0.84918367 0.88147959 0.87540816 0.87812245]
 [0.84983673 0.8637449  0.87228571 0.87255102]
 [0.86433673 0.89122449 0.89817347 0.90016327]
 [0.85485714 0.86840816 0.86667347 0.86083673]]","[[0.83744898 0.86441837 0.86734694 0.86835714]
 [0.84918367 0.88147959 0.87540816 0.87812245]
 [0.84983673 0.8637449  0.87228571 0.87255102]
 [0.86433673 0.89122449 0.89817347 0.90016327]
 [0.85485714 0.86840816 0.86667347 0.86083673]]",3.954917525636746e-11,0.030706829858283744,0.00045685091286729127,BNCI2014-008,6,0
1,2,4,0.9255585459183674,0.8884204081632653,"[[0.87570408 0.87847959 0.88745918 0.8887449 ]
 [0.87963265 0.88070408 0.88128571 0.88588776]
 [0.88193878 0.88096939 0.88611224 0.88146939]
 [0.90319388 0.9054898  0.91144898 0.90639796]
 [0.86906122 0.86667347 0.87579592 0.87104082]]","[[0.87570408 0.87847959 0.88745918 0.8887449 ]
 [0.87963265 0.88070408 0.88128571 0.88588776]
 [0.88193878 0.88096939 0.88611224 0.88146939]
 [0.90319388 0.9054898  0.91144898 0.90639796]
 [0.86906122 0.86667347 0.87579592 0.87104082]]",3.921436202639093e-11,0.030717211487226843,0.0004677971429123355,BNCI2014-008,6,0
2,3,4,0.9280405612244899,0.8894408163265306,"[[0.88705102 0.88805102 0.89010204 0.89126531]
 [0.88082653 0.88272449 0.87997959 0.88043878]
 [0.88355102 0.88534694 0.88620408 0.88515306]
 [0.91057143 0.91021429 0.91292857 0.91040816]
 [0.87546939 0.87712245 0.8779898  0.87283673]]","[[0.88705102 0.88805102 0.89010204 0.89126531]
 [0.88082653 0.88272449 0.87997959 0.88043878]
 [0.88355102 0.88534694 0.88620408 0.88515306]
 [0.91057143 0.91021429 0.91292857 0.91040816]
 [0.87546939 0.87712245 0.8779898  0.87283673]]",3.8229285805116146e-11,0.030698524664468773,0.0004851314178477646,BNCI2014-008,6,0
3,4,4,0.9293207908163266,0.8905183673469388,"[[0.88977551 0.89029592 0.89277551 0.89145918]
 [0.88107143 0.8812551  0.88235714 0.88263265]
 [0.88642857 0.88713265 0.88636735 0.88528571]
 [0.91290816 0.91286735 0.91311224 0.90954082]
 [0.87867347 0.87794898 0.87797959 0.87905102]]","[[0.88977551 0.89029592 0.89277551 0.89145918]
 [0.88107143 0.8812551  0.88235714 0.88263265]
 [0.88642857 0.88713265 0.88636735 0.88528571]
 [0.91290816 0.91286735 0.91311224 0.90954082]
 [0.87867347 0.87794898 0.87797959 0.87905102]]",3.703801611933156e-11,0.03062597412412694,0.0004928089403215927,BNCI2014-008,6,0
4,5,2,0.9297581632653061,0.8914346938775509,"[[0.89271429 0.89363265 0.89304082 0.8905102 ]
 [0.88366327 0.88271429 0.88404082 0.88270408]
 [0.88697959 0.88703061 0.88530612 0.88709184]
 [0.91246939 0.91233673 0.9119898  0.90852041]
 [0.87812245 0.88145918 0.87977551 0.87756122]]","[[0.89271429 0.89363265 0.89304082 0.8905102 ]
 [0.88366327 0.88271429 0.88404082 0.88270408]
 [0.88697959 0.88703061 0.88530612 0.88709184]
 [0.91246939 0.91233673 0.9119898  0.90852041]
 [0.87812245 0.88145918 0.87977551 0.87756122]]",3.689963338115369e-11,0.030631025034876632,0.0004942233291384772,BNCI2014-008,6,0
5,6,4,0.9308070153061223,0.8914,"[[0.89334694 0.8939898  0.89534694 0.89428571]
 [0.88261224 0.88345918 0.88397959 0.8815    ]
 [0.88579592 0.88576531 0.88528571 0.8864898 ]
 [0.91188776 0.91205102 0.91147959 0.90807143]
 [0.88113265 0.88091837 0.88090816 0.8752551 ]]","[[0.89334694 0.8939898  0.89534694 0.89428571]
 [0.88261224 0.88345918 0.88397959 0.8815    ]
 [0.88579592 0.88576531 0.88528571 0.8864898 ]
 [0.91188776 0.91205102 0.91147959 0.90807143]
 [0.88113265 0.88091837 0.88090816 0.8752551 ]]",3.607721645147255e-11,0.030596088686899305,0.000500604543336847,BNCI2014-008,6,0
6,7,1,0.9308835459183673,0.8912224489795918,"[[0.89534694 0.8952551  0.89543878 0.89429592]
 [0.88390816 0.88376531 0.88094898 0.88004082]
 [0.88482653 0.8852449  0.88627551 0.88685714]
 [0.91111224 0.9115     0.91070408 0.90918367]
 [0.88091837 0.87726531 0.88028571 0.8777449 ]]","[[0.89534694 0.8952551  0.89543878 0.89429592]
 [0.88390816 0.88376531 0.88094898 0.88004082]
 [0.88482653 0.8852449  0.88627551 0.88685714]
 [0.91111224 0.9115     0.91070408 0.90918367]
 [0.88091837 0.87726531 0.88028571 0.8777449 ]]",3.604172922331213e-11,0.030596886872245828,0.0005009080904147963,BNCI2014-008,6,0
7,8,1,0.9309742346938776,0.8910938775510203,"[[0.89567347 0.89517347 0.89634694 0.89564286]
 [0.8840102  0.88364286 0.88140816 0.88007143]
 [0.88454082 0.88453061 0.88626531 0.88662245]
 [0.91123469 0.9112449  0.91078571 0.9085    ]
 [0.8800102  0.87972449 0.87991837 0.87471429]]","[[0.89567347 0.89517347 0.89634694 0.89564286]
 [0.8840102  0.88364286 0.88140816 0.88007143]
 [0.88454082 0.88453061 0.88626531 0.88662245]
 [0.91123469 0.9112449  0.91078571 0.9085    ]
 [0.8800102  0.87972449 0.87991837 0.87471429]]",3.602010703681224e-11,0.03059758933839701,0.0005012021085209667,BNCI2014-008,6,0
8,9,2,0.9312244897959184,0.8911897959183672,"[[0.89565306 0.89610204 0.8954898  0.89507143]
 [0.88370408 0.88295918 0.88211224 0.88086735]
 [0.88444898 0.88546939 0.88691837 0.88577551]
 [0.91120408 0.91109184 0.91032653 0.91018367]
 [0.87978571 0.88032653 0.87903061 0.87355102]]","[[0.89565306 0.89610204 0.8954898  0.89507143]
 [0.88370408 0.88295918 0.88211224 0.88086735]
 [0.88444898 0.88546939 0.88691837 0.88577551]
 [0.91120408 0.91109184 0.91032653 0.91018367]
 [0.87978571 0.88032653 0.87903061 0.87355102]]",3.5785050768490854e-11,0.03059611105423094,0.0005023627808165058,BNCI2014-008,6,0
9,10,1,0.9313223214285713,0.8914673469387754,"[[0.8962551  0.89582653 0.89512245 0.89447959]
 [0.88328571 0.88304082 0.88359184 0.88077551]
 [0.88566327 0.88659184 0.88608163 0.88623469]
 [0.91140816 0.91156122 0.91129592 0.91091837]
 [0.88072449 0.87985714 0.88057143 0.87607143]]","[[0.8962551  0.89582653 0.89512245 0.89447959]
 [0.88328571 0.88304082 0.88359184 0.88077551]
 [0.88566327 0.88659184 0.88608163 0.88623469]
 [0.91140816 0.91156122 0.91129592 0.91091837]
 [0.88072449 0.87985714 0.88057143 0.87607143]]",3.576949514287337e-11,0.03059770323004049,0.0005027492714553565,BNCI2014-008,6,0
10,11,2,0.9315001275510205,0.8914795918367346,"[[0.8962449  0.89607143 0.89519388 0.89445918]
 [0.8832449  0.88412245 0.88347959 0.88072449]
 [0.8855102  0.88530612 0.88554082 0.88715306]
 [0.91126531 0.91114286 0.91128571 0.91020408]
 [0.88070408 0.8807551  0.88042857 0.87534694]]","[[0.8962449  0.89607143 0.89519388 0.89445918]
 [0.8832449  0.88412245 0.88347959 0.88072449]
 [0.8855102  0.88530612 0.88554082 0.88715306]
 [0.91126531 0.91114286 0.91128571 0.91020408]
 [0.88070408 0.8807551  0.88042857 0.87534694]]",3.550245048263624e-11,0.03059409448656265,0.0005040527079684077,BNCI2014-008,6,0
11,12,1,0.9315432397959184,0.8917836734693877,"[[0.89630612 0.89596939 0.89616327 0.89611224]
 [0.8842551  0.88415306 0.8839898  0.88158163]
 [0.88611224 0.88533673 0.88487755 0.88528571]
 [0.91143878 0.91093878 0.91087755 0.90993878]
 [0.88080612 0.88069388 0.88093878 0.87468367]]","[[0.89630612 0.89596939 0.89616327 0.89611224]
 [0.8842551  0.88415306 0.8839898  0.88158163]
 [0.88611224 0.88533673 0.88487755 0.88528571]
 [0.91143878 0.91093878 0.91087755 0.90993878]
 [0.88080612 0.88069388 0.88093878 0.87468367]]",3.544477347447601e-11,0.030594453072578427,0.0005042023267987749,BNCI2014-008,6,0
12,13,2,0.9315882653061225,0.8917469387755101,"[[0.89644898 0.89646939 0.89639796 0.89515306]
 [0.8842551  0.88427551 0.88505102 0.88156122]
 [0.88609184 0.88591837 0.88638776 0.88333673]
 [0.9115102  0.91166327 0.91002041 0.90847959]
 [0.88041837 0.88040816 0.87829592 0.87544898]]","[[0.89644898 0.89646939 0.89639796 0.89515306]
 [0.8842551  0.88427551 0.88505102 0.88156122]
 [0.88609184 0.88591837 0.88638776 0.88333673]
 [0.9115102  0.91166327 0.91002041 0.90847959]
 [0.88041837 0.88040816 0.87829592 0.87544898]]",3.5078850216100837e-11,0.030592114799453073,0.0005052955871005976,BNCI2014-008,6,0
13,14,2,0.9318174744897959,0.8918632653061224,"[[0.89652041 0.89619388 0.89612245 0.89497959]
 [0.88458163 0.88544898 0.8860102  0.88341837]
 [0.8857551  0.88580612 0.8880102  0.88382653]
 [0.91165306 0.91192857 0.91140816 0.90913265]
 [0.88042857 0.87993878 0.87735714 0.87433673]]","[[0.89652041 0.89619388 0.89612245 0.89497959]
 [0.88458163 0.88544898 0.8860102  0.88341837]
 [0.8857551  0.88580612 0.8880102  0.88382653]
 [0.91165306 0.91192857 0.91140816 0.90913265]
 [0.88042857 0.87993878 0.87735714 0.87433673]]",3.475571457132097e-11,0.030577985747811925,0.0005059338361516385,BNCI2014-008,6,0
14,15,2,0.9320002551020409,0.8920265306122449,"[[0.89613265 0.89555102 0.895      0.89393878]
 [0.88546939 0.8855102  0.88610204 0.88554082]
 [0.88444898 0.88637755 0.8874898  0.88378571]
 [0.91164286 0.91190816 0.91065306 0.90807143]
 [0.87902041 0.88078571 0.87772449 0.87676531]]","[[0.89613265 0.89555102 0.895      0.89393878]
 [0.88546939 0.8855102  0.88610204 0.88554082]
 [0.88444898 0.88637755 0.8874898  0.88378571]
 [0.91164286 0.91190816 0.91065306 0.90807143]
 [0.87902041 0.88078571 0.87772449 0.87676531]]",3.458428995720768e-11,0.030571182143821922,0.0005065917076722144,BNCI2014-008,6,0
15,16,1,0.9320454081632654,0.8921448979591837,"[[0.89557143 0.8949898  0.89534694 0.89469388]
 [0.88545918 0.8860102  0.88457143 0.88716327]
 [0.88676531 0.88544898 0.88693878 0.88243878]
 [0.91211224 0.91189796 0.91160204 0.90780612]
 [0.88081633 0.8809898  0.88218367 0.87865306]]","[[0.89557143 0.8949898  0.89534694 0.89469388]
 [0.88545918 0.8860102  0.88457143 0.88716327]
 [0.88676531 0.88544898 0.88693878 0.88243878]
 [0.91211224 0.91189796 0.91160204 0.90780612]
 [0.88081633 0.8809898  0.88218367 0.87865306]]",3.453796324569028e-11,0.03057096161111748,0.000506742029379822,BNCI2014-008,6,0
0,1,8,0.9126308673469389,0.8669367346938776,"[[0.83013265 0.83673469 0.83360204 0.85754082]
 [0.8422449  0.86535714 0.84082653 0.88167347]
 [0.84214286 0.86716327 0.83691837 0.8675102 ]
 [0.84086735 0.85541837 0.86368367 0.87523469]
 [0.83776531 0.85831633 0.83873469 0.85272449]]","[[0.83013265 0.83673469 0.83360204 0.85754082]
 [0.8422449  0.86535714 0.84082653 0.88167347]
 [0.84214286 0.86716327 0.83691837 0.8675102 ]
 [0.84086735 0.85541837 0.86368367 0.87523469]
 [0.83776531 0.85831633 0.83873469 0.85272449]]",1.2911927298841358e-10,0.027905471776366472,0.0004693086376265675,BNCI2014-008,7,0
1,2,4,0.9146567602040816,0.8696244897959182,"[[0.85687755 0.86076531 0.85947959 0.85618367]
 [0.88142857 0.8810102  0.88080612 0.87979592]
 [0.86840816 0.86909184 0.87078571 0.86888776]
 [0.87685714 0.87487755 0.87870408 0.87764286]
 [0.85593878 0.85673469 0.85834694 0.85652041]]","[[0.85687755 0.86076531 0.85947959 0.85618367]
 [0.88142857 0.8810102  0.88080612 0.87979592]
 [0.86840816 0.86909184 0.87078571 0.86888776]
 [0.87685714 0.87487755 0.87870408 0.87764286]
 [0.85593878 0.85673469 0.85834694 0.85652041]]",1.283140358126674e-10,0.027900977542831988,0.00047516425961085374,BNCI2014-008,7,0
2,3,8,0.9191408163265307,0.8722836734693878,"[[0.86092857 0.85947959 0.85919388 0.86262245]
 [0.88152041 0.88218367 0.87970408 0.88046939]
 [0.87071429 0.86810204 0.86959184 0.87314286]
 [0.87542857 0.87718367 0.87910204 0.88220408]
 [0.85658163 0.85994898 0.86056122 0.86297959]]","[[0.86092857 0.85947959 0.85919388 0.86262245]
 [0.88152041 0.88218367 0.87970408 0.88046939]
 [0.87071429 0.86810204 0.86959184 0.87314286]
 [0.87542857 0.87718367 0.87910204 0.88220408]
 [0.85658163 0.85994898 0.86056122 0.86297959]]",1.199262277306549e-10,0.027368266887206505,0.0005098943031375356,BNCI2014-008,7,0
3,4,4,0.9201498724489795,0.8732040816326532,"[[0.86312245 0.86228571 0.86835714 0.86454082]
 [0.88017347 0.8797449  0.88228571 0.88182653]
 [0.87319388 0.87363265 0.87277551 0.87115306]
 [0.88138776 0.88055102 0.88011224 0.88052041]
 [0.86362245 0.8632551  0.8624898  0.86279592]]","[[0.86312245 0.86228571 0.86835714 0.86454082]
 [0.88017347 0.8797449  0.88228571 0.88182653]
 [0.87319388 0.87363265 0.87277551 0.87115306]
 [0.88138776 0.88055102 0.88011224 0.88052041]
 [0.86362245 0.8632551  0.8624898  0.86279592]]",1.1804484364641174e-10,0.027273151553335682,0.0005141118073808622,BNCI2014-008,7,0
4,5,8,0.9227602040816325,0.8744857142857143,"[[0.86833673 0.86866327 0.86636735 0.86694898]
 [0.88233673 0.88271429 0.88336735 0.88229592]
 [0.87263265 0.87260204 0.87321429 0.87070408]
 [0.87939796 0.8794898  0.8805102  0.88482653]
 [0.86254082 0.86291837 0.86468367 0.86765306]]","[[0.86833673 0.86866327 0.86636735 0.86694898]
 [0.88233673 0.88271429 0.88336735 0.88229592]
 [0.87263265 0.87260204 0.87321429 0.87070408]
 [0.87939796 0.8794898  0.8805102  0.88482653]
 [0.86254082 0.86291837 0.86468367 0.86765306]]",1.0361002148828215e-10,0.026135462387300808,0.0005265844429638207,BNCI2014-008,7,0
5,6,8,0.9246622448979591,0.8752857142857142,"[[0.86609184 0.86559184 0.86536735 0.86309184]
 [0.87905102 0.87895918 0.88052041 0.88402041]
 [0.87038776 0.8705102  0.87181633 0.87372449]
 [0.88655102 0.88635714 0.88615306 0.88726531]
 [0.86770408 0.86769388 0.86760204 0.86832653]]","[[0.86609184 0.86559184 0.86536735 0.86309184]
 [0.87905102 0.87895918 0.88052041 0.88402041]
 [0.87038776 0.8705102  0.87181633 0.87372449]
 [0.88655102 0.88635714 0.88615306 0.88726531]
 [0.86770408 0.86769388 0.86760204 0.86832653]]",9.816232652350756e-11,0.025583688372007158,0.0005338190427676333,BNCI2014-008,7,0
6,7,8,0.9259984693877552,0.8755387755102042,"[[0.86258163 0.86240816 0.86163265 0.86206122]
 [0.8829898  0.88260204 0.88353061 0.88531633]
 [0.87413265 0.87380612 0.87512245 0.87676531]
 [0.88795918 0.88777551 0.88693878 0.88760204]
 [0.8675     0.8669898  0.86726531 0.86594898]]","[[0.86258163 0.86240816 0.86163265 0.86206122]
 [0.8829898  0.88260204 0.88353061 0.88531633]
 [0.87413265 0.87380612 0.87512245 0.87676531]
 [0.88795918 0.88777551 0.88693878 0.88760204]
 [0.8675     0.8669898  0.86726531 0.86594898]]",8.89782752152588e-11,0.024889748625015664,0.0005408409392965369,BNCI2014-008,7,0
7,8,1,0.9260368622448979,0.8757979591836735,"[[0.86194898 0.86191837 0.86079592 0.86082653]
 [0.88563265 0.88555102 0.88562245 0.88613265]
 [0.87656122 0.87615306 0.87670408 0.87564286]
 [0.8884898  0.88787755 0.888      0.88832653]
 [0.86635714 0.8665     0.86688776 0.86723469]]","[[0.86194898 0.86191837 0.86079592 0.86082653]
 [0.88563265 0.88555102 0.88562245 0.88613265]
 [0.87656122 0.87615306 0.87670408 0.87564286]
 [0.8884898  0.88787755 0.888      0.88832653]
 [0.86635714 0.8665     0.86688776 0.86723469]]",8.874751415230196e-11,0.024893360294370864,0.0005408845046680796,BNCI2014-008,7,0
8,9,8,0.9270713010204081,0.8763020408163266,"[[0.86203061 0.86162245 0.8609898  0.86027551]
 [0.886      0.88593878 0.88646939 0.88633673]
 [0.87638776 0.8755     0.87653061 0.87776531]
 [0.88903061 0.88940816 0.88864286 0.8895    ]
 [0.86613265 0.86609184 0.86713265 0.86763265]]","[[0.86203061 0.86162245 0.8609898  0.86027551]
 [0.886      0.88593878 0.88646939 0.88633673]
 [0.87638776 0.8755     0.87653061 0.87776531]
 [0.88903061 0.88940816 0.88864286 0.8895    ]
 [0.86613265 0.86609184 0.86713265 0.86763265]]",7.950430692467756e-11,0.024525060514585403,0.0005465994332296084,BNCI2014-008,7,0
9,10,4,0.9275889030612244,0.8765469387755103,"[[0.85989796 0.85954082 0.85882653 0.85747959]
 [0.88621429 0.88591837 0.8872551  0.88540816]
 [0.878      0.87717347 0.87843878 0.87757143]
 [0.88984694 0.88954082 0.88953061 0.89006122]
 [0.86804082 0.86878571 0.86868367 0.86982653]]","[[0.85989796 0.85954082 0.85882653 0.85747959]
 [0.88621429 0.88591837 0.8872551  0.88540816]
 [0.878      0.87717347 0.87843878 0.87757143]
 [0.88984694 0.88954082 0.88953061 0.89006122]
 [0.86804082 0.86878571 0.86868367 0.86982653]]",7.562170446898924e-11,0.024511817489053074,0.0005477243024179865,BNCI2014-008,7,0
10,11,1,0.9276076530612245,0.8765673469387755,"[[0.85880612 0.85888776 0.85846939 0.85877551]
 [0.88707143 0.88520408 0.88614286 0.88661224]
 [0.87838776 0.87804082 0.87828571 0.87856122]
 [0.88961224 0.88962245 0.88893878 0.88904082]
 [0.86895918 0.86907143 0.8689898  0.86929592]]","[[0.85880612 0.85888776 0.85846939 0.85877551]
 [0.88707143 0.88520408 0.88614286 0.88661224]
 [0.87838776 0.87804082 0.87828571 0.87856122]
 [0.88961224 0.88962245 0.88893878 0.88904082]
 [0.86895918 0.86907143 0.8689898  0.86929592]]",7.551195283493036e-11,0.024512395860623724,0.0005477545006554034,BNCI2014-008,7,0
11,12,1,0.9276656887755103,0.8767673469387756,"[[0.85877551 0.8585     0.85839796 0.85913265]
 [0.88705102 0.8865102  0.88594898 0.88704082]
 [0.87862245 0.87796939 0.87771429 0.87755102]
 [0.88955102 0.88941837 0.88918367 0.88878571]
 [0.86983673 0.86973469 0.86930612 0.87084694]]","[[0.85877551 0.8585     0.85839796 0.85913265]
 [0.88705102 0.8865102  0.88594898 0.88704082]
 [0.87862245 0.87796939 0.87771429 0.87755102]
 [0.88955102 0.88941837 0.88918367 0.88878571]
 [0.86983673 0.86973469 0.86930612 0.87084694]]",7.538417738078744e-11,0.02451536475852413,0.0005477810154347677,BNCI2014-008,7,0
12,13,8,0.9290900510204082,0.8768836734693878,"[[0.85847959 0.85837755 0.85830612 0.85808163]
 [0.88688776 0.88635714 0.88561224 0.88760204]
 [0.87857143 0.87773469 0.87746939 0.87853061]
 [0.88986735 0.89002041 0.88955102 0.88902041]
 [0.86994898 0.86955102 0.86973469 0.87118367]]","[[0.85847959 0.85837755 0.85830612 0.85808163]
 [0.88688776 0.88635714 0.88561224 0.88760204]
 [0.87857143 0.87773469 0.87746939 0.87853061]
 [0.88986735 0.89002041 0.88955102 0.88902041]
 [0.86994898 0.86955102 0.86973469 0.87118367]]",6.534786542066251e-11,0.024236295638221054,0.0005530976427929275,BNCI2014-008,7,0
13,14,1,0.9290908163265307,0.8768897959183672,"[[0.85811224 0.85765306 0.8585     0.85889796]
 [0.88766327 0.88742857 0.88745918 0.88609184]
 [0.87844898 0.87872449 0.87787755 0.87779592]
 [0.88928571 0.88910204 0.8887449  0.88792857]
 [0.87093878 0.87128571 0.87139796 0.87065306]]","[[0.85811224 0.85765306 0.8585     0.85889796]
 [0.88766327 0.88742857 0.88745918 0.88609184]
 [0.87844898 0.87872449 0.87787755 0.87779592]
 [0.88928571 0.88910204 0.8887449  0.88792857]
 [0.87093878 0.87128571 0.87139796 0.87065306]]",6.53045339619542e-11,0.024237403924555884,0.0005531218583394724,BNCI2014-008,7,0
14,15,1,0.9291607142857142,0.8769775510204081,"[[0.85738776 0.85732653 0.85709184 0.85857143]
 [0.88793878 0.88779592 0.88670408 0.88612245]
 [0.87859184 0.87852041 0.87847959 0.87717347]
 [0.8895     0.88892857 0.88914286 0.88856122]
 [0.87146939 0.8715     0.87197959 0.87083673]]","[[0.85738776 0.85732653 0.85709184 0.85857143]
 [0.88793878 0.88779592 0.88670408 0.88612245]
 [0.87859184 0.87852041 0.87847959 0.87717347]
 [0.8895     0.88892857 0.88914286 0.88856122]
 [0.87146939 0.8715     0.87197959 0.87083673]]",6.509302667525436e-11,0.024239090497261008,0.000553167915023475,BNCI2014-008,7,0
15,16,1,0.9292140306122448,0.8770020408163266,"[[0.85740816 0.85641837 0.85647959 0.85865306]
 [0.88747959 0.88756122 0.88718367 0.88588776]
 [0.87903061 0.87846939 0.87819388 0.87786735]
 [0.88942857 0.88903061 0.88913265 0.88855102]
 [0.87166327 0.87182653 0.87193878 0.87057143]]","[[0.85740816 0.85641837 0.85647959 0.85865306]
 [0.88747959 0.88756122 0.88718367 0.88588776]
 [0.87903061 0.87846939 0.87819388 0.87786735]
 [0.88942857 0.88903061 0.88913265 0.88855102]
 [0.87166327 0.87182653 0.87193878 0.87057143]]",6.493650697270877e-11,0.024240185842787847,0.0005531907566406228,BNCI2014-008,7,0
0,1,4,0.9605561224489796,0.9486020408163267,"[[0.92489796 0.9342551  0.94009184 0.94415306]
 [0.93655102 0.94507143 0.95173469 0.94787755]
 [0.93679592 0.9454898  0.95427551 0.95234694]
 [0.95385714 0.96065306 0.96330612 0.96210204]
 [0.93572449 0.93310204 0.93360204 0.92487755]]","[[0.92489796 0.9342551  0.94009184 0.94415306]
 [0.93655102 0.94507143 0.95173469 0.94787755]
 [0.93679592 0.9454898  0.95427551 0.95234694]
 [0.95385714 0.96065306 0.96330612 0.96210204]
 [0.93572449 0.93310204 0.93360204 0.92487755]]",3.278698057020764e-11,0.1281620363376102,0.0007383684162922199,BNCI2014-008,8,0
1,2,2,0.9648474489795917,0.9494163265306124,"[[0.94514286 0.94540816 0.94443878 0.94582653]
 [0.9490102  0.95234694 0.95176531 0.95131633]
 [0.95313265 0.95515306 0.95282653 0.95188776]
 [0.96510204 0.96282653 0.96233673 0.96691837]
 [0.93190816 0.93134694 0.92921429 0.92897959]]","[[0.94514286 0.94540816 0.94443878 0.94582653]
 [0.9490102  0.95234694 0.95176531 0.95131633]
 [0.95313265 0.95515306 0.95282653 0.95188776]
 [0.96510204 0.96282653 0.96233673 0.96691837]
 [0.93190816 0.93134694 0.92921429 0.92897959]]",3.2480133528145276e-11,0.12063656783610113,0.0008004410136958417,BNCI2014-008,8,0
2,3,8,0.9668200255102042,0.949538775510204,"[[0.94476531 0.94373469 0.94407143 0.94708163]
 [0.95256122 0.95088776 0.94860204 0.95104082]
 [0.95336735 0.95417347 0.95319388 0.95420408]
 [0.96284694 0.96194898 0.9634898  0.96565306]
 [0.9324898  0.93015306 0.92858163 0.92971429]]","[[0.94476531 0.94373469 0.94407143 0.94708163]
 [0.95256122 0.95088776 0.94860204 0.95104082]
 [0.95336735 0.95417347 0.95319388 0.95420408]
 [0.96284694 0.96194898 0.9634898  0.96565306]
 [0.9324898  0.93015306 0.92858163 0.92971429]]",2.7252716583183367e-11,0.019016524148432228,0.0008345354794537411,BNCI2014-008,8,0
3,4,8,0.9696357142857142,0.9502877551020408,"[[0.94671429 0.9465     0.94685714 0.95120408]
 [0.95047959 0.95036735 0.95077551 0.95097959]
 [0.95396939 0.9542449  0.95302041 0.95247959]
 [0.96482653 0.96512245 0.9647449  0.96482653]
 [0.93009184 0.92992857 0.93042857 0.93194898]]","[[0.94671429 0.9465     0.94685714 0.95120408]
 [0.95047959 0.95036735 0.95077551 0.95097959]
 [0.95396939 0.9542449  0.95302041 0.95247959]
 [0.96482653 0.96512245 0.9647449  0.96482653]
 [0.93009184 0.92992857 0.93042857 0.93194898]]",2.6181668409846015e-11,0.01880520480783879,0.0008530090870379151,BNCI2014-008,8,0
4,5,1,0.9696248724489795,0.9503979591836735,"[[0.95154082 0.95145918 0.95141837 0.95084694]
 [0.95122449 0.9507551  0.95056122 0.95023469]
 [0.95232653 0.95311224 0.95353061 0.95209184]
 [0.96491837 0.96459184 0.96442857 0.96417347]
 [0.93197959 0.93166327 0.93170408 0.93229592]]","[[0.95154082 0.95145918 0.95141837 0.95084694]
 [0.95122449 0.9507551  0.95056122 0.95023469]
 [0.95232653 0.95311224 0.95353061 0.95209184]
 [0.96491837 0.96459184 0.96442857 0.96417347]
 [0.93197959 0.93166327 0.93170408 0.93229592]]",2.6167105149666265e-11,0.018803935687705012,0.0008532975763649359,BNCI2014-008,8,0
5,6,1,0.9696815051020409,0.9503877551020409,"[[0.95158163 0.95145918 0.95079592 0.95076531]
 [0.95093878 0.95016327 0.95071429 0.95031633]
 [0.95238776 0.95230612 0.95355102 0.95167347]
 [0.96491837 0.9645102  0.96422449 0.96438776]
 [0.93211224 0.93155102 0.93210204 0.9330102 ]]","[[0.95158163 0.95145918 0.95079592 0.95076531]
 [0.95093878 0.95016327 0.95071429 0.95031633]
 [0.95238776 0.95230612 0.95355102 0.95167347]
 [0.96491837 0.9645102  0.96422449 0.96438776]
 [0.93211224 0.93155102 0.93210204 0.9330102 ]]",2.616436092411589e-11,0.018802759108971587,0.000853459448993768,BNCI2014-008,8,0
6,7,1,0.9697566326530612,0.950534693877551,"[[0.95114286 0.95154082 0.95105102 0.95088776]
 [0.951      0.95052041 0.95113265 0.9509898 ]
 [0.95381633 0.95381633 0.95279592 0.95131633]
 [0.96487755 0.96472449 0.96432653 0.96436735]
 [0.93183673 0.9314898  0.93193878 0.93331633]]","[[0.95114286 0.95154082 0.95105102 0.95088776]
 [0.951      0.95052041 0.95113265 0.9509898 ]
 [0.95381633 0.95381633 0.95279592 0.95131633]
 [0.96487755 0.96472449 0.96432653 0.96436735]
 [0.93183673 0.9314898  0.93193878 0.93331633]]",2.6092963069727482e-11,0.018802748768235605,0.0008538195337782403,BNCI2014-008,8,0
7,8,8,0.9707798469387754,0.9508163265306123,"[[0.95122449 0.9512449  0.95030612 0.95083673]
 [0.95096939 0.95040816 0.95141837 0.95088776]
 [0.95393878 0.95394898 0.95418367 0.95412245]
 [0.96509184 0.96426531 0.96470408 0.96534694]
 [0.93170408 0.9314898  0.9319898  0.93288776]]","[[0.95122449 0.9512449  0.95030612 0.95083673]
 [0.95096939 0.95040816 0.95141837 0.95088776]
 [0.95393878 0.95394898 0.95418367 0.95412245]
 [0.96509184 0.96426531 0.96470408 0.96534694]
 [0.93170408 0.9314898  0.9319898  0.93288776]]",2.424249667083164e-11,0.01812061736254237,0.0008647732192272455,BNCI2014-008,8,0
8,9,4,0.9709029336734695,0.9510102040816326,"[[0.95093878 0.95091837 0.95120408 0.95069388]
 [0.94994898 0.95052041 0.9502449  0.94922449]
 [0.95426531 0.95432653 0.95428571 0.95213265]
 [0.96545918 0.96543878 0.96552041 0.96522449]
 [0.93344898 0.93360204 0.93379592 0.93345918]]","[[0.95093878 0.95091837 0.95120408 0.95069388]
 [0.94994898 0.95052041 0.9502449  0.94922449]
 [0.95426531 0.95432653 0.95428571 0.95213265]
 [0.96545918 0.96543878 0.96552041 0.96522449]
 [0.93344898 0.93360204 0.93379592 0.93345918]]",2.3557746100794803e-11,0.018029856624631902,0.0008662627181813509,BNCI2014-008,8,0
9,10,2,0.9709724489795917,0.9511428571428571,"[[0.95156122 0.95155102 0.95137755 0.95135714]
 [0.95027551 0.95022449 0.95054082 0.95070408]
 [0.95429592 0.95426531 0.9542449  0.95154082]
 [0.96556122 0.96565306 0.96514286 0.96572449]
 [0.93372449 0.93402041 0.93437755 0.93406122]]","[[0.95156122 0.95155102 0.95137755 0.95135714]
 [0.95027551 0.95022449 0.95054082 0.95070408]
 [0.95429592 0.95426531 0.9542449  0.95154082]
 [0.96556122 0.96565306 0.96514286 0.96572449]
 [0.93372449 0.93402041 0.93437755 0.93406122]]",2.3354611638674524e-11,0.017997577667692128,0.0008665594791038297,BNCI2014-008,8,0
10,11,2,0.9710266581632652,0.9513571428571428,"[[0.95191837 0.95234694 0.95156122 0.95218367]
 [0.9505102  0.95078571 0.94990816 0.95037755]
 [0.95426531 0.95407143 0.95405102 0.95207143]
 [0.96568367 0.96571429 0.96528571 0.96579592]
 [0.93407143 0.93386735 0.93392857 0.93358163]]","[[0.95191837 0.95234694 0.95156122 0.95218367]
 [0.9505102  0.95078571 0.94990816 0.95037755]
 [0.95426531 0.95407143 0.95405102 0.95207143]
 [0.96568367 0.96571429 0.96528571 0.96579592]
 [0.93407143 0.93386735 0.93392857 0.93358163]]",2.3229949087173227e-11,0.01799622723269149,0.0008668378743462936,BNCI2014-008,8,0
11,12,1,0.9710405612244898,0.9514489795918367,"[[0.95233673 0.95215306 0.95185714 0.95227551]
 [0.95102041 0.9504898  0.95061224 0.95055102]
 [0.95405102 0.95386735 0.95346939 0.95161224]
 [0.96571429 0.96522449 0.96535714 0.96628571]
 [0.93412245 0.93367347 0.93377551 0.93365306]]","[[0.95233673 0.95215306 0.95185714 0.95227551]
 [0.95102041 0.9504898  0.95061224 0.95055102]
 [0.95405102 0.95386735 0.95346939 0.95161224]
 [0.96571429 0.96522449 0.96535714 0.96628571]
 [0.93412245 0.93367347 0.93377551 0.93365306]]",2.3207758160265295e-11,0.01799595351254825,0.000866883561647936,BNCI2014-008,8,0
12,13,1,0.9710631377551021,0.9514122448979592,"[[0.95216327 0.95216327 0.95207143 0.95321429]
 [0.95089796 0.94990816 0.95036735 0.95030612]
 [0.95402041 0.95419388 0.9540102  0.95210204]
 [0.96569388 0.96573469 0.96453061 0.96531633]
 [0.93428571 0.93436735 0.93415306 0.93378571]]","[[0.95216327 0.95216327 0.95207143 0.95321429]
 [0.95089796 0.94990816 0.95036735 0.95030612]
 [0.95402041 0.95419388 0.9540102  0.95210204]
 [0.96569388 0.96573469 0.96453061 0.96531633]
 [0.93428571 0.93436735 0.93415306 0.93378571]]",2.3174856615251952e-11,0.01799607132536376,0.0008673448744689287,BNCI2014-008,8,0
13,14,1,0.9710765306122451,0.9513367346938775,"[[0.9522551  0.95161224 0.95111224 0.95292857]
 [0.95016327 0.9505102  0.95061224 0.94990816]
 [0.95407143 0.95387755 0.95387755 0.95264286]
 [0.96586735 0.96536735 0.96514286 0.96492857]
 [0.93432653 0.93387755 0.93379592 0.9345102 ]]","[[0.9522551  0.95161224 0.95111224 0.95292857]
 [0.95016327 0.9505102  0.95061224 0.94990816]
 [0.95407143 0.95387755 0.95387755 0.95264286]
 [0.96586735 0.96536735 0.96514286 0.96492857]
 [0.93432653 0.93387755 0.93379592 0.9345102 ]]",2.3144805607735918e-11,0.017996022878836317,0.0008675082822978689,BNCI2014-008,8,0
14,15,1,0.9711130102040817,0.9513265306122449,"[[0.95258163 0.95216327 0.95176531 0.95257143]
 [0.95008163 0.94931633 0.94967347 0.94919388]
 [0.95381633 0.95379592 0.95383673 0.9525    ]
 [0.96585714 0.96527551 0.96460204 0.9652449 ]
 [0.93429592 0.9342449  0.93417347 0.93464286]]","[[0.95258163 0.95216327 0.95176531 0.95257143]
 [0.95008163 0.94931633 0.94967347 0.94919388]
 [0.95381633 0.95379592 0.95383673 0.9525    ]
 [0.96585714 0.96527551 0.96460204 0.9652449 ]
 [0.93429592 0.9342449  0.93417347 0.93464286]]",2.312087697579234e-11,0.017996192459950034,0.0008678414431332423,BNCI2014-008,8,0
15,16,1,0.971127168367347,0.951369387755102,"[[0.95264286 0.95202041 0.95228571 0.95302041]
 [0.95010204 0.94928571 0.94938776 0.94957143]
 [0.95390816 0.95403061 0.9532449  0.95292857]
 [0.96590816 0.96528571 0.96495918 0.96497959]
 [0.93428571 0.93381633 0.93368367 0.93476531]]","[[0.95264286 0.95202041 0.95228571 0.95302041]
 [0.95010204 0.94928571 0.94938776 0.94957143]
 [0.95390816 0.95403061 0.9532449  0.95292857]
 [0.96590816 0.96528571 0.96495918 0.96497959]
 [0.93428571 0.93381633 0.93368367 0.93476531]]",2.3075627637897783e-11,0.017996366773350477,0.0008680725409141185,BNCI2014-008,8,0
